SecondsPlayed,GamesPlayed,OffPoss,DefPoss,PenaltyOffPoss,PenaltyDefPoss,SecondChanceOffPoss,TotalPoss,AtRimFGM,AtRimFGA,SecondChanceAtRimFGM,SecondChanceAtRimFGA,PenaltyAtRimFGM,PenaltyAtRimFGA,ShortMidRangeFGM,ShortMidRangeFGA,LongMidRangeFGM,LongMidRangeFGA,Corner3FGM,Corner3FGA,SecondChanceCorner3FGM,SecondChanceCorner3FGA,PenaltyCorner3FGM,PenaltyCorner3FGA,Arc3FGM,Arc3FGA,SecondChanceArc3FGM,SecondChanceArc3FGA,PenaltyArc3FGM,PenaltyArc3FGA,FG2M,FG2A,FG3M,FG3A,FtPoints,Points,OpponentPoints,SecondChanceFG2M,SecondChanceFG2A,SecondChanceFG3M,SecondChanceFG3A,SecondChanceFtPoints,SecondChancePoints,PenaltyFG2M,PenaltyFG2A,PenaltyFG3M,PenaltyFG3A,PenaltyFtPoints,PenaltyPoints,PtsAssisted2s,PtsUnassisted2s,PtsAssisted3s,PtsUnassisted3s,PtsPutbacks,HeaveAttempts,NonHeaveArc3FGA,NonHeaveArc3FGM,Fg2aBlocked,Fg3aBlocked,TwoPtAssists,ThreePtAssists,Assists,Arc3Assists,Corner3Assists,AtRimAssists,ShortMidRangeAssists,LongMidRangeAssists,AssistPoints,OffThreePtRebounds,OffTwoPtRebounds,FTOffRebounds,DefThreePtRebounds,DefTwoPtRebounds,FTDefRebounds,DefRebounds,OffRebounds,Rebounds,SelfOReb,Steals,BadPassSteals,LostBallSteals,LiveBallTurnovers,BadPassOutOfBoundsTurnovers,BadPassTurnovers,DeadBallTurnovers,LostBallOutOfBoundsTurnovers,LostBallTurnovers,Travels,Turnovers,SecondChanceTurnovers,PenaltyTurnovers,ShootingFouls,Fouls,Clear Path Fouls,Loose Ball Fouls,Offensive Fouls,FTA,2pt And 1 Free Throw Trips,3pt And 1 Free Throw Trips,Technical Free Throw Trips,TwoPtShootingFoulsDrawn,ThreePtShootingFoulsDrawn,NonShootingFoulsDrawn,Blocked2s,Blocked3s,BlockedArc3,BlockedAtRim,BlockedCorner3,BlockedLongMidRange,BlockedShortMidRange,Blocks,RecoveredBlocks,DefensiveGoaltends,OffensiveGoaltends,3SecondViolations,Defensive 3 Seconds Violations,FirstChancePoints,PenaltyPointsExcludingTakeFouls,PenaltyOffPossExcludingTakeFouls,NonShootingPenaltyNonTakeFouls,Assisted2sPct,NonPutbacksAssisted2sPct,Assisted3sPct,Fg3Pct,SecondChanceFg3Pct,PenaltyFg3Pct,NonHeaveFg3Pct,Fg2Pct,SecondChanceFg2Pct,PenaltyFg2Pct,EfgPct,SecondChanceEfgPct,PenaltyEfgPct,TsPct,SecondChanceTsPct,PenaltyTsPct,FG3APct,FG3APctBlocked,FG2APctBlocked,AtRimPctBlocked,ShortMidRangePctBlocked,LongMidRangePctBlocked,Corner3PctBlocked,Arc3PctBlocked,LiveBallTurnoverPct,DefFTReboundPct,OffFTReboundPct,DefTwoPtReboundPct,OffTwoPtReboundPct,DefThreePtReboundPct,OffThreePtReboundPct,DefFGReboundPct,OffFGReboundPct,OffAtRimReboundPct,OffShortMidRangeReboundPct,OffLongMidRangeReboundPct,OffArc3ReboundPct,OffCorner3ReboundPct,DefAtRimReboundPct,DefShortMidRangeReboundPct,DefLongMidRangeReboundPct,DefArc3ReboundPct,DefCorner3ReboundPct,SelfORebPct,Pace,BlocksRecoveredPct,SecondsPerPossOff,SecondsPerPossDef,SecondsExcludingORebsPerPossOff,SecondsExcludingORebsPerPossDef,AtRimFrequency,AtRimAccuracy,UnblockedAtRimAccuracy,AtRimPctAssisted,ShortMidRangeFrequency,ShortMidRangeAccuracy,UnblockedShortMidRangeAccuracy,ShortMidRangePctAssisted,LongMidRangeFrequency,LongMidRangeAccuracy,UnblockedLongMidRangeAccuracy,LongMidRangePctAssisted,Corner3Frequency,Corner3Accuracy,UnblockedCorner3Accuracy,Corner3PctAssisted,Arc3Frequency,Arc3Accuracy,UnblockedArc3Accuracy,Arc3PctAssisted,SecondChanceAtRimFrequency,SecondChanceAtRimAccuracy,SecondChanceAtRimPctAssisted,SecondChanceCorner3Frequency,SecondChanceCorner3Accuracy,SecondChanceCorner3PctAssisted,SecondChanceArc3Frequency,SecondChanceArc3Accuracy,SecondChanceArc3PctAssisted,PenaltyAtRimFrequency,PenaltyAtRimAccuracy,PenaltyCorner3Frequency,PenaltyCorner3Accuracy,PenaltyArc3Frequency,PenaltyArc3Accuracy,AtRimFG3AFrequency,NonHeaveArc3Accuracy,ShotQualityAvg,SecondChanceShotQualityAvg,PenaltyShotQualityAvg,ShootingFoulsDrawnPct,TwoPtShootingFoulsDrawnPct,ThreePtShootingFoulsDrawnPct,SecondChancePointsPct,PenaltyPointsPct,Avg2ptShotDistance,Avg3ptShotDistance,PenaltyOffPossPct,year,HeaveMakes,FoulsDrawn,Offensive Fouls Drawn,StepOutOfBoundsTurnovers,Loose Ball Fouls Drawn,NonShootingPenaltyNonTakeFoulsDrawn,BlockingFouls,Charge Fouls,Charge Fouls Drawn,BlockingFoulsDrawn,Transition Take Fouls,Transition Take Fouls Drawn,FTA_Rate,TOV%
410160.0,142.0,12769.0,12769.0,3816.0,3816.0,1780.0,25538.0,1830.0,3162.0,484.0,844.0,521.0,867.0,1061.0,2897.0,1241.0,3230.0,213.0,486.0,24.0,52.0,60.0,148.0,538.0,1619.0,56.0,168.0,171.0,534.0,4132.0,9289.0,751.0,2105.0,2776.0,13293.0,13293.0,690.0,1419.0,80.0,220.0,404.0,2024.0,1080.0,2388.0,231.0,682.0,1310.0,4163.0,4482.0,3782.0,1878.0,375.0,804.0,29.0,1590.0,538.0,759.0,26.0,2241.0,626.0,2867.0,427.0,199.0,941.0,542.0,758.0,6360.0,352.0,1695.0,48.0,925.0,3411.0,386.0,4722.0,2095.0,6817.0,237.0,1032.0,583.0,449.0,1032.0,202.0,583.0,862.0,95.0,449.0,79.0,1894.0,208.0,522.0,1371.0,3216.0,1.0,283.0,271.0,3665.0,258.0,5.0,117.0,1344.0,27.0,526.0,759.0,26.0,20.0,416.0,6.0,65.0,278.0,785.0,468.0,61.0,7.0,50.0,27.0,11269.0,4163.0,3816.0,469.0,0.542352371732817,0.6008042895442359,0.833555259653795,0.3567695961995249,0.3636363636363636,0.3387096774193548,0.3617533718689788,0.4448272149854667,0.4862579281183932,0.4522613065326633,0.4615148323679129,0.4942037827943868,0.4646579804560261,0.5064476512127725,0.5349946977730647,0.5353169469598965,0.1847463577321397,0.0123515439429928,0.0817095489288405,0.1315623023402909,0.0959613393165343,0.0201238390092879,0.0123456790123456,0.0123533045089561,0.5448785638859557,0.8894009216589862,0.1105990783410138,0.6680376028202115,0.3319623971797885,0.7243539545810493,0.2756460454189506,0.679304402318659,0.320695597681341,0.4314912944738834,0.3282023089609676,0.2685656154628688,0.2745292368681863,0.2798507462686567,0.5685087055261165,0.6717976910390324,0.7314343845371313,0.7254707631318137,0.7201492537313433,0.0422309337134711,89.65944997074313,0.5961783439490446,16.060772182629808,16.060772182629808,15.223823322108233,15.223823322108233,0.2775144813059505,0.5787476280834914,0.6664238892935178,0.514207650273224,0.254256626294541,0.3662409389023127,0.4051164566628484,0.5108388312912346,0.2834825346673688,0.3842105263157894,0.3921011058451816,0.6107977437550363,0.0426540284360189,0.4382716049382716,0.44375,0.9342723004694836,0.1420923292961207,0.3323038912909203,0.3364602876797998,0.7936802973977695,0.5149481391092129,0.5734597156398105,0.152892561983471,0.0317266625991458,0.4615384615384615,0.7083333333333334,0.1025015253203172,0.3333333333333333,0.9464285714285714,0.2824104234527687,0.6009227220299884,0.0482084690553745,0.4054054054054054,0.1739413680781759,0.3202247191011236,0.4622608390380902,0.3383647798742138,0.465753654777631,0.4959860632183909,0.4586022846811308,0.1096624540073588,0.1295421686746987,0.0126939351198871,0.1522605882795456,0.3131723463477018,9.099192593390033,25.62536817102137,0.2988487743754405,2001,,,,,,,,,,,,,0.321660523082324,14.790404198163303
412560.0,142.0,12990.0,12990.0,4265.0,4265.0,1701.0,25980.0,2027.0,3455.0,473.0,855.0,621.0,1073.0,892.0,2410.0,1175.0,3119.0,222.0,606.0,23.0,70.0,75.0,196.0,571.0,1755.0,56.0,163.0,201.0,652.0,4094.0,8984.0,793.0,2361.0,2814.0,13381.0,13381.0,653.0,1347.0,79.0,233.0,409.0,1952.0,1159.0,2569.0,276.0,848.0,1383.0,4529.0,4252.0,3936.0,2001.0,378.0,766.0,26.0,1728.0,570.0,719.0,26.0,2126.0,667.0,2793.0,461.0,206.0,1053.0,341.0,732.0,6253.0,399.0,1560.0,61.0,1090.0,3287.0,413.0,4790.0,2020.0,6810.0,253.0,1059.0,614.0,445.0,1059.0,225.0,614.0,939.0,119.0,445.0,87.0,1998.0,189.0,619.0,1403.0,3373.0,8.0,235.0,299.0,3790.0,266.0,2.0,119.0,1387.0,15.0,562.0,719.0,26.0,19.0,451.0,7.0,53.0,215.0,745.0,424.0,33.0,11.0,38.0,49.0,11429.0,4529.0,4265.0,535.0,0.5192965315095261,0.5728914039342495,0.8411097099621689,0.3358746293943244,0.3390557939914163,0.3254716981132075,0.339186295503212,0.4556990204808548,0.4847809948032665,0.4511483067341378,0.4657117672983693,0.4882911392405063,0.4603453321627158,0.5092017483321831,0.5311475409836065,0.5245634458672875,0.2081092992507712,0.0110122829309614,0.0800311665182546,0.1305354558610709,0.0892116182572614,0.0169926258416159,0.0115511551155115,0.0108262108262108,0.53003003003003,0.8713080168776371,0.1286919831223628,0.6781514338766247,0.3218485661233752,0.7320349227669577,0.2679650772330423,0.6908143939393939,0.3091856060606061,0.4147887323943662,0.3326693227091633,0.2446642373763664,0.2734657039711191,0.2519685039370078,0.5852112676056338,0.6673306772908366,0.7553357626236336,0.7265342960288809,0.7480314960629921,0.0451705052669166,90.68062827225133,0.5691275167785235,15.879907621247114,15.879907621247114,15.078214010777522,15.078214010777522,0.3045394446892904,0.5866859623733719,0.6747669773635153,0.5194869264923533,0.2124283825473777,0.3701244813278008,0.406378132118451,0.382286995515695,0.2749228735125606,0.3767233087528054,0.383235485975212,0.6229787234042553,0.053415601586602,0.3663366336633663,0.3706176961602671,0.927927927927928,0.1546936976641692,0.3253561253561253,0.3289170506912442,0.8073555166374781,0.5411392405063291,0.5532163742690058,0.1691331923890063,0.0443037974683544,0.3285714285714285,0.9130434782608696,0.1031645569620253,0.3435582822085889,0.9107142857142856,0.3140181445712613,0.5787511649580616,0.0573602575358501,0.3826530612244898,0.1908106526192566,0.308282208588957,0.5126487439400617,0.3298611111111111,0.4814277782693328,0.5094183851402578,0.4730069822485206,0.1123487458931004,0.1372587827808015,0.006318449873631,0.1458784844182049,0.338464987669083,8.710952804986643,25.343159678102506,0.3283294842186297,2002,1.0,,,,,,,,,,,,0.33406787130894666,15.380351946792295
512880.0,176.0,16132.0,16132.0,5232.0,5232.0,2091.0,32264.0,2452.0,4211.0,583.0,1022.0,723.0,1305.0,1116.0,2922.0,1468.0,3866.0,304.0,809.0,39.0,97.0,85.0,260.0,764.0,2197.0,66.0,201.0,245.0,772.0,5036.0,10999.0,1068.0,3006.0,3624.0,16900.0,16900.0,816.0,1640.0,105.0,298.0,460.0,2407.0,1406.0,3136.0,330.0,1032.0,1833.0,5635.0,5376.0,4696.0,2610.0,594.0,948.0,48.0,2148.0,763.0,841.0,27.0,2688.0,870.0,3558.0,586.0,284.0,1306.0,463.0,919.0,7986.0,517.0,1862.0,69.0,1311.0,4039.0,470.0,5820.0,2448.0,8268.0,298.0,1280.0,805.0,475.0,1280.0,279.0,805.0,1245.0,142.0,475.0,118.0,2525.0,226.0,749.0,1759.0,4280.0,3.0,312.0,460.0,4760.0,316.0,8.0,148.0,1731.0,29.0,701.0,841.0,27.0,20.0,531.0,7.0,77.0,233.0,868.0,523.0,31.0,7.0,45.0,43.0,14493.0,5635.0,5232.0,664.0,0.5337569499602859,0.5892152564664621,0.8146067415730337,0.3552894211576846,0.3523489932885906,0.3197674418604651,0.3607167004732927,0.4578598054368579,0.4975609756097561,0.4483418367346938,0.4739735808639772,0.5023219814241486,0.4560940499040307,0.519607235782431,0.5403516681695221,0.5293393904978232,0.2146376294180649,0.0089820359281437,0.0764614964996817,0.1260983139396818,0.0797399041752224,0.019917227108122,0.0086526576019777,0.0091033227127901,0.5069306930693069,0.8719851576994434,0.1280148423005566,0.6844602609727165,0.3155397390272835,0.7171772428884027,0.2828227571115974,0.6921982145167551,0.3078017854832449,0.4059462550028588,0.2998885172798216,0.2603901611535199,0.2802404207362885,0.289738430583501,0.5940537449971413,0.7001114827201784,0.73960983884648,0.7197595792637115,0.710261569416499,0.043301365882011,90.58680393074404,0.6025345622119815,15.896355070666996,15.896355070666996,15.058207289858666,15.058207289858666,0.3006783291681542,0.5822844929945381,0.6663043478260869,0.532626427406199,0.2086397715101749,0.3819301848049281,0.4150241725548531,0.4148745519713261,0.2760442699036058,0.3797206414899121,0.3874373185537081,0.6260217983651226,0.0577650838986076,0.3757725587144623,0.3790523690773067,0.9342105263157896,0.1568725455194573,0.3477469276285844,0.3509416628387689,0.7670157068062827,0.5273477812177503,0.5704500978473581,0.1560891938250428,0.0500515995872033,0.4020618556701031,0.8205128205128205,0.1037151702786377,0.3283582089552239,0.7727272727272727,0.3130998080614203,0.5540229885057472,0.0623800383877159,0.3269230769230769,0.1852207293666027,0.3173575129533679,0.5153159585862193,0.3552141527001862,0.4794222899777602,0.5060279634300127,0.4752704931972789,0.1139822550352956,0.139439342677622,0.0095804426825239,0.1424260355029585,0.3334319526627219,8.84547686153287,25.23003992015968,0.3243243243243243,2003,1.0,1.0,1.0,,,,,,,,,,0.3398786147804356,15.609159021784821
475920.0,164.0,14638.0,14638.0,4530.0,4530.0,1903.0,29276.0,2216.0,3900.0,489.0,897.0,647.0,1114.0,929.0,2506.0,1333.0,3647.0,236.0,689.0,23.0,72.0,74.0,232.0,595.0,1875.0,76.0,201.0,173.0,600.0,4478.0,10053.0,831.0,2564.0,2988.0,14437.0,14437.0,683.0,1431.0,99.0,273.0,406.0,2069.0,1212.0,2694.0,247.0,832.0,1500.0,4665.0,5012.0,3944.0,2136.0,357.0,754.0,36.0,1838.0,594.0,798.0,24.0,2506.0,712.0,3218.0,490.0,222.0,1234.0,418.0,854.0,7148.0,447.0,1730.0,51.0,1167.0,3778.0,529.0,5474.0,2228.0,7702.0,259.0,1282.0,743.0,539.0,1282.0,264.0,743.0,1166.0,116.0,539.0,139.0,2448.0,248.0,654.0,1527.0,3812.0,4.0,269.0,360.0,4134.0,299.0,2.0,141.0,1510.0,17.0,613.0,798.0,24.0,15.0,536.0,9.0,56.0,206.0,822.0,475.0,36.0,6.0,41.0,45.0,12368.0,4665.0,4530.0,586.0,0.5596248325145154,0.6110704706169227,0.8567990373044525,0.3241029641185647,0.3626373626373626,0.296875,0.3283227848101265,0.4454391723863523,0.4772886093640811,0.4498886414253897,0.4537132440358247,0.4879694835680751,0.4488088485536018,0.4952614831211953,0.5205271160669032,0.516042780748663,0.2032178806372354,0.0093603744149766,0.0793792897642494,0.1374358974358974,0.0822027134876296,0.0153550863723608,0.0130624092888243,0.008,0.5236928104575164,0.9120689655172414,0.0879310344827586,0.6859114015976762,0.3140885984023239,0.7230483271375465,0.2769516728624535,0.6943274361134513,0.3056725638865487,0.4073185362927414,0.3037651563497128,0.252858399296394,0.2753623188405797,0.2811791383219955,0.5926814637072585,0.6962348436502872,0.747141600703606,0.7246376811594203,0.7188208616780045,0.0410069664344521,88.58093797276854,0.5778588807785888,16.256319169285423,16.256319169285423,15.432026233091952,15.432026233091952,0.3091067607196639,0.5682051282051283,0.6587395957193817,0.5568592057761733,0.1986209082983276,0.3707102952913009,0.4039130434782608,0.4499461786867599,0.2890544503447729,0.3655058952563751,0.3712057922584238,0.6406601650412603,0.0546088610604739,0.3425253991291727,0.3470588235294117,0.940677966101695,0.1486090195767615,0.3173333333333333,0.3198924731182795,0.8235294117647058,0.5264084507042254,0.5451505016722408,0.1820040899795501,0.0422535211267605,0.3194444444444444,0.9130434782608696,0.1179577464788732,0.3781094527363184,0.881578947368421,0.3159387407827567,0.5807899461400359,0.0657969370391378,0.3189655172413793,0.1701644923425978,0.2883333333333333,0.5123246413568994,0.3231773667029379,0.4792017065796802,0.5073567892503537,0.4721415018629981,0.1103084591490283,0.1340553977272727,0.0065917022101589,0.1433123225046755,0.323128073699522,8.905182532577342,25.211310452418093,0.3094685066265883,2004,1.0,,,41.0,,,,,,,,,0.3276531663628438,16.7031023556287
488040.0,168.0,15126.0,15126.0,4664.0,4664.0,2014.0,30252.0,2476.0,4297.0,564.0,987.0,711.0,1221.0,1113.0,2712.0,1337.0,3389.0,299.0,806.0,26.0,88.0,90.0,271.0,732.0,2085.0,73.0,194.0,219.0,695.0,4926.0,10398.0,1031.0,2891.0,3365.0,16310.0,16310.0,783.0,1568.0,99.0,282.0,462.0,2325.0,1282.0,2739.0,309.0,966.0,1634.0,5125.0,4598.0,5254.0,2583.0,510.0,920.0,50.0,2030.0,727.0,902.0,23.0,2299.0,861.0,3160.0,576.0,285.0,1177.0,397.0,725.0,7181.0,512.0,1788.0,71.0,1238.0,3616.0,471.0,5325.0,2371.0,7696.0,280.0,1144.0,718.0,426.0,1144.0,237.0,718.0,1152.0,134.0,426.0,122.0,2296.0,227.0,683.0,1753.0,3941.0,3.0,233.0,398.0,4508.0,371.0,7.0,147.0,1730.0,22.0,613.0,902.0,23.0,18.0,603.0,5.0,71.0,228.0,925.0,531.0,49.0,7.0,40.0,54.0,13985.0,5125.0,4664.0,571.0,0.4667072675598863,0.5147783251231527,0.8351115421920465,0.3566240055344171,0.351063829787234,0.3198757763975155,0.3611404435058078,0.4737449509521061,0.4993622448979591,0.4680540343190945,0.4870569644066521,0.5035135135135135,0.4711201079622132,0.529752553024352,0.5404583723105706,0.5411075612353567,0.2175483482579577,0.0079557246627464,0.0867474514329678,0.1403304631138003,0.084070796460177,0.0209501327825317,0.0062034739454094,0.0086330935251798,0.4982578397212543,0.8690036900369004,0.1309963099630996,0.6691339748334567,0.3308660251665433,0.7074285714285714,0.2925714285714286,0.6785015376013419,0.3214984623986581,0.4268360022087245,0.3126582278481012,0.2588176850471932,0.2794235388310648,0.3253493013972056,0.5731639977912756,0.6873417721518987,0.7411823149528067,0.7205764611689351,0.6746506986027944,0.0448,89.26088025571674,0.5740540540540541,16.132487108290363,16.132487108290363,15.2762131429327,15.2762131429327,0.3233501392128828,0.5762159646264836,0.6702761234434218,0.4753634894991922,0.2040785612160433,0.4103982300884956,0.4480676328502415,0.3566936208445642,0.2550229513131161,0.3945116553555621,0.4029535864978903,0.5422587883320867,0.0606516667920836,0.3709677419354839,0.3732833957553059,0.9531772575250836,0.156896681465874,0.3510791366906475,0.3541364296081277,0.7868852459016393,0.5335135135135135,0.5714285714285714,0.1418439716312056,0.0475675675675675,0.2954545454545454,0.9615384615384616,0.1048648648648648,0.3762886597938144,0.821917808219178,0.3295546558704453,0.5823095823095823,0.0731443994601889,0.3321033210332103,0.1875843454790823,0.3151079136690647,0.5408984874708406,0.358128078817734,0.4789719904783496,0.5044392338177015,0.474129699453552,0.1194844165586851,0.147146380879476,0.0075705437026841,0.1425505824647455,0.3142244022072348,8.33124639353722,25.295537876167412,0.3083432500330557,2005,5.0,,,36.0,,,,,,,,,0.3392279328768154,15.107728103006279
519240.0,178.0,16079.0,16079.0,5159.0,5159.0,1897.0,32158.0,2671.0,4305.0,512.0,882.0,753.0,1251.0,1122.0,2765.0,1458.0,3633.0,331.0,884.0,30.0,71.0,95.0,287.0,740.0,2184.0,68.0,192.0,237.0,745.0,5251.0,10703.0,1071.0,3068.0,3692.0,17407.0,17407.0,733.0,1395.0,98.0,263.0,477.0,2237.0,1427.0,2995.0,332.0,1032.0,1810.0,5660.0,4750.0,5752.0,2715.0,498.0,812.0,38.0,2145.0,739.0,728.0,31.0,2375.0,905.0,3280.0,594.0,311.0,1221.0,370.0,784.0,7465.0,475.0,1630.0,61.0,1406.0,3744.0,553.0,5703.0,2166.0,7869.0,265.0,1132.0,681.0,451.0,1132.0,253.0,681.0,1291.0,97.0,451.0,224.0,2423.0,201.0,726.0,1888.0,4269.0,2.0,247.0,427.0,4873.0,422.0,4.0,134.0,1859.0,27.0,690.0,728.0,31.0,21.0,449.0,10.0,41.0,238.0,759.0,449.0,36.0,10.0,60.0,58.0,15170.0,5660.0,5159.0,646.0,0.4522948009902875,0.4901960784313725,0.8450046685340803,0.3490873533246414,0.3726235741444867,0.3217054263565891,0.3531353135313531,0.4906101093151452,0.5254480286738351,0.4764607679465776,0.4979667417035799,0.5307599517490953,0.4780233424385398,0.5432761761195904,0.5664460285132383,0.5493081270707464,0.22278701619345,0.0101043024771838,0.0680183126226291,0.1042973286875725,0.0860759493670886,0.0112854390311037,0.0113122171945701,0.0096153846153846,0.4671894345852249,0.9006514657980456,0.0993485342019544,0.6966877558615556,0.3033122441384444,0.7474747474747475,0.2525252525252525,0.709855272226051,0.290144727773949,0.3866011063306699,0.3168927250308261,0.2291764705882353,0.238095238095238,0.2886405959031657,0.6133988936693301,0.6831072749691739,0.7708235294117647,0.7619047619047619,0.7113594040968343,0.0407066052227342,89.18326785301595,0.5915678524374176,16.146526525281423,16.146526525281423,15.398843211642514,15.398843211642514,0.312613463074577,0.6204413472706156,0.6926867219917012,0.4571321602396106,0.2007842567714763,0.4057866184448463,0.44400474871389,0.3297682709447415,0.2638152639604967,0.4013212221304706,0.405902004454343,0.5377229080932785,0.0641928690726889,0.3744343891402715,0.3787185354691075,0.9395770392749244,0.158594147120761,0.3388278388278388,0.3421174294960702,0.8027027027027027,0.5319662243667069,0.5804988662131519,0.138671875,0.0428226779252111,0.4225352112676056,0.9,0.1158021712907117,0.3541666666666667,0.8676470588235294,0.3106530916314874,0.6019184652278178,0.0712689346908368,0.3310104529616725,0.1850012416190712,0.3181208053691275,0.535400479268027,0.3445221445221445,0.478550616023912,0.5059639586410635,0.4691984935977906,0.123826406670606,0.1531301482701812,0.008735037204788,0.1285115183546848,0.3251565462170391,8.492759039521628,25.25257496740548,0.3208532868959512,2006,1.0,4263.0,427.0,38.0,247.0,646.0,,,,,,,0.35385955994481155,14.982574949975637
456840.0,158.0,14204.0,14204.0,4270.0,4270.0,1758.0,28408.0,2241.0,3784.0,490.0,869.0,662.0,1108.0,822.0,2145.0,1335.0,3414.0,360.0,892.0,30.0,83.0,116.0,278.0,652.0,2001.0,65.0,174.0,181.0,655.0,4398.0,9343.0,1012.0,2893.0,3058.0,14890.0,14890.0,669.0,1342.0,95.0,257.0,340.0,1963.0,1172.0,2503.0,297.0,933.0,1348.0,4583.0,4410.0,4386.0,2634.0,402.0,716.0,39.0,1961.0,651.0,676.0,24.0,2205.0,878.0,3083.0,533.0,345.0,1123.0,338.0,744.0,7044.0,481.0,1517.0,72.0,1294.0,3373.0,454.0,5121.0,2070.0,7191.0,256.0,1119.0,667.0,452.0,1119.0,220.0,667.0,1161.0,103.0,452.0,205.0,2280.0,238.0,639.0,1669.0,3503.0,3.0,198.0,334.0,4118.0,340.0,7.0,106.0,1636.0,33.0,504.0,676.0,24.0,18.0,450.0,6.0,37.0,189.0,700.0,382.0,29.0,9.0,52.0,48.0,12927.0,4583.0,4270.0,462.0,0.5013642564802183,0.5457920792079208,0.8675889328063241,0.3498098859315589,0.3696498054474708,0.3183279742765273,0.354239663629993,0.4707267472974419,0.4985096870342771,0.4682381142628845,0.4834913370382478,0.5075046904315197,0.4707508731082654,0.5263120466505475,0.5375754251234229,0.5338724800750118,0.2364334749918274,0.0082958866228828,0.0723536337364872,0.11892177589852,0.0881118881118881,0.010837727006444,0.0067264573991031,0.0089955022488755,0.4907894736842105,0.8631178707224335,0.1368821292775665,0.6897750511247444,0.3102249488752556,0.7290140845070423,0.2709859154929577,0.7002250562640661,0.299774943735934,0.4171578258022266,0.3022900763358778,0.2357525572333171,0.2547923322683706,0.3097514340344168,0.5828421741977734,0.6977099236641221,0.7642474427666829,0.7452076677316294,0.6902485659655831,0.0427664550618108,89.54452324665091,0.5457142857142857,16.08138552520417,16.08138552520417,15.234159391720642,15.234159391720642,0.3092513893429225,0.59223044397463,0.6721655668866227,0.50111557340473,0.1753023864007845,0.3832167832167832,0.4202453987730061,0.4111922141119221,0.2790127492644655,0.39103690685413,0.3953212910867634,0.5573033707865168,0.0728996404053612,0.4035874439461883,0.4063205417607223,0.9583333333333334,0.1635338345864661,0.3258370814592704,0.3287947554210791,0.8174846625766872,0.5434646654158849,0.5638665132336018,0.1836734693877551,0.0519074421513445,0.3614457831325301,1.0,0.1088180112570356,0.3735632183908046,0.8769230769230769,0.3224679860302678,0.5974729241877257,0.0809080325960419,0.4172661870503597,0.1906286379511059,0.2763358778625954,0.5456848643347499,0.3319734829168791,0.4901312417925148,0.5224588690937259,0.4834481579722959,0.1231007523233515,0.1537738509258389,0.0113052415210688,0.1318334452652787,0.3077904633982539,8.89403831745692,25.08904251641893,0.3006195437904815,2007,1.0,3499.0,334.0,52.0,198.0,462.0,,,,,,,0.33654789146779995,15.991112308106652
497160.0,172.0,15255.0,15255.0,4651.0,4651.0,1938.0,30510.0,2472.0,4255.0,513.0,894.0,678.0,1191.0,963.0,2374.0,1443.0,3708.0,319.0,805.0,41.0,102.0,105.0,259.0,736.0,2212.0,68.0,218.0,234.0,759.0,4878.0,10337.0,1055.0,3017.0,3394.0,16315.0,16315.0,741.0,1466.0,109.0,320.0,433.0,2242.0,1260.0,2698.0,339.0,1018.0,1636.0,5173.0,5002.0,4754.0,2706.0,459.0,758.0,45.0,2167.0,736.0,819.0,25.0,2501.0,902.0,3403.0,595.0,307.0,1253.0,365.0,883.0,7708.0,495.0,1694.0,70.0,1341.0,3695.0,443.0,5479.0,2259.0,7738.0,251.0,1129.0,649.0,480.0,1129.0,232.0,649.0,1072.0,119.0,480.0,136.0,2201.0,206.0,608.0,1700.0,3897.0,3.0,232.0,335.0,4496.0,297.0,5.0,108.0,1665.0,35.0,636.0,819.0,25.0,20.0,560.0,5.0,66.0,193.0,844.0,482.0,53.0,2.0,44.0,46.0,14073.0,5173.0,4651.0,587.0,0.5127101271012711,0.5559013114025338,0.8549763033175355,0.3496851176665562,0.340625,0.3330058939096267,0.3549798115746971,0.471897068782045,0.5054570259208732,0.4670126019273536,0.4837876291747791,0.5064389697648376,0.4759149623250807,0.5272939953210294,0.5462555066079295,0.5455027577428935,0.2259248165343717,0.0082863771958899,0.079229950662668,0.1316098707403055,0.0812973883740522,0.017799352750809,0.0062111801242236,0.0090415913200723,0.5129486597001363,0.8635477582846004,0.1364522417153996,0.6856559658563741,0.3143440341436259,0.7303921568627451,0.2696078431372549,0.6970242214532872,0.3029757785467128,0.4113314447592068,0.2906474820143885,0.252461951656222,0.2652461425422483,0.2821052631578947,0.5886685552407932,0.7093525179856115,0.747538048343778,0.7347538574577517,0.7178947368421053,0.0392371424105049,88.37074583635047,0.5710900473933649,16.29498525073746,16.29498525073746,15.379023271058667,15.379023271058667,0.31863112176127,0.5809635722679201,0.6690121786197565,0.5068770226537217,0.1777744496031151,0.4056444818871104,0.4415405777166437,0.3790238836967809,0.2776696121012431,0.3891585760517799,0.3962108731466227,0.611919611919612,0.0602815635764564,0.3962732919254658,0.39875,0.962382445141066,0.1656432529579152,0.3327305605786618,0.3357664233576642,0.8084239130434783,0.5005599104143337,0.5738255033557047,0.1929824561403508,0.057110862262038,0.4019607843137255,0.902439024390244,0.122060470324748,0.3119266055045872,0.8823529411764706,0.3205059203444564,0.5692695214105793,0.0696986006458557,0.4054054054054054,0.2042518837459634,0.308300395256917,0.5445559382956418,0.339640055376096,0.4873815753836894,0.5109067726330339,0.4798477520435968,0.1152386117136659,0.1422469030328919,0.0114867082376107,0.1374195525589948,0.3170701808152007,8.872874141433684,25.361518064302285,0.3048836447066536,2008,,3887.0,335.0,40.0,232.0,587.0,,,,,,,0.3366781488692527,14.409882259280987
495600.0,170.0,15237.0,15237.0,4734.0,4734.0,1781.0,30474.0,2363.0,4039.0,500.0,826.0,665.0,1145.0,981.0,2321.0,1420.0,3507.0,366.0,913.0,38.0,100.0,129.0,287.0,802.0,2363.0,90.0,245.0,236.0,821.0,4764.0,9867.0,1168.0,3276.0,3403.0,16435.0,16435.0,692.0,1270.0,128.0,345.0,395.0,2163.0,1284.0,2674.0,365.0,1108.0,1591.0,5254.0,4590.0,4938.0,2802.0,702.0,758.0,53.0,2308.0,800.0,780.0,29.0,2295.0,934.0,3229.0,580.0,354.0,1177.0,373.0,745.0,7392.0,500.0,1486.0,50.0,1464.0,3549.0,480.0,5493.0,2036.0,7529.0,225.0,1203.0,689.0,514.0,1203.0,230.0,689.0,1047.0,119.0,514.0,129.0,2250.0,189.0,676.0,1768.0,3861.0,3.0,227.0,298.0,4478.0,348.0,6.0,140.0,1734.0,36.0,566.0,780.0,29.0,23.0,543.0,6.0,49.0,188.0,809.0,471.0,47.0,9.0,47.0,46.0,14272.0,5254.0,4734.0,523.0,0.4817380352644836,0.5233751425313569,0.7996575342465754,0.3565323565323565,0.3710144927536232,0.3294223826714801,0.3617747440273037,0.4828215262997872,0.5448818897637795,0.4801795063575168,0.4957772198128281,0.5473684210526316,0.4842675832892649,0.5395371900826447,0.5816216216216217,0.5523698688108337,0.2492581602373887,0.0088522588522588,0.0790513833992094,0.1344392176281257,0.0809995691512279,0.0139720558882235,0.0065717415115005,0.0097333897587812,0.5346666666666666,0.9056603773584906,0.0943396226415094,0.7048659384309831,0.2951340615690169,0.745417515274949,0.2545824847250509,0.7162451778825546,0.2837548221174453,0.3961584633853541,0.2834467120181406,0.2204301075268817,0.2450842696629213,0.2796296296296296,0.6038415366146459,0.7165532879818595,0.7795698924731183,0.7549157303370787,0.7203703703703703,0.036231884057971,88.54430992736077,0.5822002472187886,16.263043906280764,16.263043906280764,15.45625779352891,15.45625779352891,0.3073118770448147,0.5850458034166873,0.6759153318077803,0.4980956411341515,0.1765959065662329,0.4226626454114606,0.459915611814346,0.3802242609582059,0.2668340561515636,0.4049044767607642,0.410641989589358,0.5246478873239436,0.0694666362322148,0.4008762322015334,0.4035281146637265,0.9672131147540984,0.1797915240051738,0.33939906898011,0.3427350427350427,0.7231920199501247,0.5114551083591331,0.6053268765133172,0.186,0.0619195046439628,0.38,0.8947368421052632,0.1517027863777089,0.3673469387755102,0.7444444444444445,0.3027498677948175,0.5807860262008734,0.0758857747223691,0.4494773519163763,0.2170809095716552,0.2874543239951279,0.5565700372822034,0.3466204506065858,0.4923444537943695,0.5240276862745097,0.4827504969110932,0.1215742839480733,0.1540922420687816,0.0108892921960072,0.1316093702464253,0.3196836020687557,8.790290868551738,25.45564713064714,0.3106910809214412,2009,2.0,3859.0,298.0,43.0,227.0,523.0,,,,,,,0.3407136878946968,14.679670027114982
472920.0,164.0,14726.0,14726.0,4776.0,4776.0,1820.0,29452.0,2404.0,4113.0,501.0,933.0,720.0,1251.0,986.0,2334.0,1299.0,3193.0,327.0,836.0,23.0,78.0,106.0,281.0,762.0,2282.0,72.0,194.0,223.0,798.0,4689.0,9640.0,1089.0,3118.0,3346.0,15991.0,15991.0,713.0,1388.0,95.0,272.0,366.0,2077.0,1328.0,2772.0,329.0,1079.0,1627.0,5270.0,4572.0,4806.0,2706.0,561.0,754.0,51.0,2231.0,762.0,777.0,37.0,2286.0,902.0,3188.0,589.0,313.0,1258.0,334.0,694.0,7278.0,531.0,1505.0,68.0,1372.0,3378.0,460.0,5210.0,2104.0,7314.0,225.0,1093.0,660.0,433.0,1093.0,228.0,660.0,1062.0,106.0,433.0,129.0,2155.0,213.0,625.0,1736.0,3820.0,2.0,235.0,348.0,4447.0,350.0,8.0,109.0,1694.0,41.0,600.0,777.0,37.0,25.0,560.0,12.0,42.0,175.0,814.0,444.0,30.0,7.0,47.0,47.0,13914.0,5270.0,4776.0,561.0,0.4875239923224568,0.5301484230055659,0.8282828282828283,0.3492623476587556,0.3492647058823529,0.3049119555143652,0.35507010107597,0.4864107883817427,0.5136887608069164,0.4790764790764791,0.4955714061765167,0.5153614457831325,0.4729940275253181,0.5399049881235154,0.5478329809725159,0.5409362755207259,0.2443956733030255,0.0118665811417575,0.0806016597510373,0.1361536591295891,0.0749785775492716,0.0131537738803632,0.0143540669856459,0.0109553023663453,0.5071925754060325,0.8712121212121212,0.1287878787878787,0.6917878353471226,0.3082121646528773,0.720966894377299,0.279033105622701,0.6999705275567345,0.3000294724432655,0.399410029498525,0.2983508245877061,0.2319309600862999,0.2735042735042735,0.2945891783567134,0.6005899705014749,0.7016491754122939,0.7680690399137001,0.7264957264957265,0.7054108216432866,0.0375626043405676,89.6787617356001,0.5454545454545454,16.057313595002036,16.057313595002036,15.274752139073748,15.274752139073748,0.3223859539112713,0.5844882081205932,0.6766113143822122,0.5232945091514143,0.1829440351152218,0.4224507283633247,0.4566929133858268,0.3387423935091277,0.2502743376704812,0.4068274350140933,0.4122500793398921,0.5342571208622017,0.0655275121492396,0.3911483253588517,0.3968446601941747,0.9571865443425076,0.1788681611537858,0.3339176161262051,0.3376163048294195,0.7729658792650919,0.5620481927710843,0.5369774919614148,0.1916167664670658,0.0469879518072289,0.2948717948717949,0.9565217391304348,0.116867469879518,0.3711340206185567,0.8611111111111112,0.3248506881329525,0.5755395683453237,0.0729680602440924,0.3772241992882562,0.2072189041807322,0.2794486215538847,0.5667816272142969,0.3415508740475123,0.497470122095313,0.5264153905053599,0.4897623222748815,0.1227449593208348,0.1542243262927895,0.0130117423040304,0.1298855606278531,0.3295603777124632,8.334004149377591,25.301571520205258,0.3243243243243243,2010,,3814.0,348.0,44.0,235.0,561.0,,,,,,,0.3485656058943408,14.594654631551002
471360.0,162.0,14340.0,14340.0,4012.0,4012.0,1850.0,28680.0,2292.0,3940.0,491.0,898.0,586.0,983.0,1002.0,2575.0,1219.0,3124.0,275.0,765.0,24.0,77.0,84.0,245.0,714.0,2137.0,85.0,225.0,200.0,695.0,4513.0,9639.0,989.0,2902.0,3238.0,15231.0,15231.0,668.0,1363.0,109.0,302.0,432.0,2095.0,1103.0,2300.0,284.0,940.0,1330.0,4388.0,4338.0,4688.0,2448.0,519.0,812.0,63.0,2069.0,709.0,840.0,34.0,2169.0,816.0,2985.0,549.0,267.0,1100.0,379.0,690.0,6786.0,478.0,1618.0,50.0,1287.0,3440.0,407.0,5134.0,2146.0,7280.0,251.0,1141.0,697.0,444.0,1141.0,215.0,697.0,1045.0,150.0,444.0,125.0,2186.0,221.0,599.0,1710.0,3481.0,6.0,224.0,209.0,4186.0,301.0,8.0,124.0,1678.0,35.0,464.0,840.0,34.0,27.0,528.0,7.0,45.0,267.0,874.0,501.0,31.0,12.0,38.0,57.0,13136.0,4292.0,3958.0,364.0,0.4806115665854199,0.5281227173119065,0.8250758341759353,0.3407994486560992,0.3609271523178808,0.3021276595744681,0.3466009158154279,0.468202095653076,0.4900953778429934,0.4795652173913043,0.4781516625468463,0.4993993993993994,0.4719135802469136,0.5250190852939135,0.5409538621047175,0.5429745889387145,0.231401004704569,0.0117160578911095,0.0871459694989106,0.1340101522842639,0.1036893203883495,0.014404609475032,0.0091503267973856,0.0126345343940102,0.5219579139981702,0.8905908096280087,0.1094091903719912,0.6801107156979043,0.3198892843020957,0.7291784702549575,0.2708215297450425,0.6928037520152426,0.3071962479847574,0.40625,0.3361128928800513,0.2308516336368505,0.2715283165244375,0.2689075630252101,0.59375,0.6638871071199487,0.7691483663631494,0.7284716834755625,0.7310924369747899,0.0420294708640321,87.61710794297352,0.5732265446224256,16.435146443514643,16.435146443514643,15.638772663877266,15.638772663877266,0.3141695239614065,0.581725888324873,0.671746776084408,0.4799301919720768,0.2053265289849294,0.389126213592233,0.4341421143847487,0.3782435129740519,0.2491029423490949,0.3902048655569782,0.3959077622604742,0.5660377358490566,0.0609999202615421,0.3594771241830065,0.3627968337730871,0.9709090909090908,0.1704010844430268,0.3341132428638278,0.338388625592417,0.7689075630252101,0.5393393393393393,0.5467706013363028,0.1405295315682281,0.0462462462462462,0.3116883116883117,0.9583333333333334,0.1351351351351351,0.3777777777777777,0.8705882352941177,0.3033950617283951,0.5961342828077314,0.0756172839506172,0.3428571428571428,0.2145061728395061,0.2877697841726618,0.5455705286659756,0.3426776220396326,0.4809511272464698,0.5182263100436681,0.4722719911783239,0.1228397275008963,0.1523238925199709,0.0119494708091498,0.1375484209835204,0.2880966450003283,8.819161738769584,25.42181254307373,0.2797768479776848,2011,5.0,3471.0,209.0,43.0,224.0,364.0,104.0,84.0,84.0,104.0,,,0.33378518459452994,15.156515637696875
486840.0,168.0,15041.0,15041.0,4171.0,4171.0,1851.0,30082.0,2456.0,4191.0,520.0,923.0,610.0,1044.0,1081.0,2776.0,1270.0,3290.0,313.0,852.0,28.0,82.0,76.0,226.0,681.0,2131.0,62.0,189.0,192.0,682.0,4807.0,10257.0,994.0,2983.0,2995.0,15591.0,15591.0,736.0,1472.0,90.0,271.0,367.0,2109.0,1190.0,2484.0,268.0,908.0,1248.0,4432.0,4570.0,5044.0,2406.0,576.0,794.0,28.0,2103.0,681.0,896.0,28.0,2285.0,802.0,3087.0,500.0,302.0,1229.0,381.0,675.0,6976.0,473.0,1642.0,57.0,1407.0,3735.0,416.0,5558.0,2172.0,7730.0,241.0,1225.0,761.0,464.0,1225.0,230.0,761.0,1032.0,136.0,464.0,103.0,2257.0,191.0,601.0,1623.0,3557.0,6.0,238.0,208.0,3973.0,328.0,6.0,102.0,1585.0,39.0,465.0,896.0,28.0,19.0,576.0,9.0,55.0,265.0,924.0,513.0,48.0,15.0,16.0,26.0,13482.0,4362.0,4129.0,364.0,0.4753484501768255,0.518140589569161,0.806841046277666,0.333221589004358,0.3321033210332103,0.2951541850220264,0.3363790186125212,0.4686555523057424,0.5,0.4790660225442834,0.4756797583081571,0.4997131382673551,0.4693396226415094,0.5172724241413804,0.5303490136570561,0.5311973018549747,0.2253021148036254,0.0093865236339255,0.0873549770888174,0.1374373657838224,0.0954610951008645,0.0167173252279635,0.0105633802816901,0.008916001877053,0.5427558706247231,0.879492600422833,0.120507399577167,0.6946252557188023,0.3053747442811977,0.7484042553191489,0.251595744680851,0.7085572550640761,0.2914427449359239,0.3877906976744186,0.3084279736999402,0.2313508064516129,0.2344674556213017,0.2954545454545454,0.6122093023255814,0.6915720263000598,0.7686491935483871,0.7655325443786982,0.7045454545454546,0.0379228953579858,88.97806260783831,0.5551948051948052,16.183764377368526,16.183764377368526,15.369589787913036,15.369589787913036,0.3165407854984894,0.5860176568837986,0.6793914246196404,0.5004071661237784,0.209667673716012,0.3894092219020172,0.4305057745917961,0.3524514338575393,0.2484894259818731,0.3860182370820669,0.39258114374034,0.531496062992126,0.0643504531722054,0.3673708920187793,0.3712930011862396,0.9648562300319488,0.1609516616314199,0.3195682778038479,0.3224431818181818,0.7342143906020558,0.5295467584624212,0.5633802816901409,0.1519230769230769,0.0470453241537578,0.3414634146341463,0.9642857142857144,0.108433734939759,0.328042328042328,0.7580645161290323,0.3077830188679245,0.5842911877394636,0.066627358490566,0.336283185840708,0.2010613207547169,0.281524926686217,0.5418429003021148,0.3238231098430813,0.489792054234207,0.5115142262317834,0.4791939845145919,0.1117687543014452,0.1376585026923745,0.0129310344827586,0.1352703482778526,0.2842665640433583,8.810968119333138,25.08967482400268,0.2773086895818097,2012,,3547.0,208.0,51.0,238.0,364.0,86.0,103.0,103.0,86.0,,,0.30007552870090637,14.97367499230418
496800.0,170.0,15415.0,15415.0,4385.0,4385.0,1881.0,30830.0,2476.0,4165.0,535.0,913.0,651.0,1080.0,1090.0,2728.0,1182.0,3101.0,374.0,986.0,39.0,106.0,113.0,273.0,831.0,2516.0,87.0,248.0,244.0,772.0,4748.0,9994.0,1205.0,3502.0,3069.0,16180.0,16180.0,721.0,1367.0,126.0,354.0,416.0,2236.0,1167.0,2478.0,357.0,1045.0,1342.0,4747.0,4536.0,4960.0,3033.0,582.0,812.0,50.0,2466.0,831.0,784.0,38.0,2268.0,1011.0,3279.0,651.0,360.0,1254.0,407.0,607.0,7569.0,551.0,1576.0,53.0,1633.0,3602.0,418.0,5653.0,2180.0,7833.0,248.0,1198.0,712.0,486.0,1198.0,267.0,712.0,1156.0,145.0,486.0,131.0,2354.0,198.0,638.0,1597.0,3773.0,6.0,294.0,243.0,4084.0,337.0,7.0,132.0,1555.0,41.0,542.0,784.0,38.0,27.0,534.0,11.0,38.0,212.0,822.0,475.0,34.0,5.0,29.0,54.0,13944.0,4690.0,4346.0,440.0,0.4776748104465038,0.5223399355135883,0.8390041493775934,0.3440890919474585,0.3559322033898305,0.3416267942583732,0.3490730011587485,0.4750850510306184,0.5274323335771763,0.4709443099273607,0.4857365145228215,0.5287623474723998,0.4832529094521714,0.5255395683453238,0.5640506329113925,0.5422599908130454,0.259484291641968,0.010850942318675,0.0784470682409445,0.1282112845138055,0.0777126099706744,0.0122541115769106,0.011156186612576,0.0107313195548489,0.5089209855564996,0.8874734607218684,0.1125265392781316,0.6956353804557744,0.3043646195442255,0.7477106227106227,0.2522893772893773,0.7110839445802771,0.2889160554197229,0.4138342277877161,0.3046439628482972,0.2067868504772004,0.2436868686868686,0.275,0.5861657722122838,0.6953560371517028,0.7932131495227995,0.7563131313131313,0.725,0.0378048780487804,89.3623188405797,0.5778588807785888,16.11417450535193,16.11417450535193,15.34187479727538,15.34187479727538,0.3086099585062241,0.5944777911164466,0.6819058110713302,0.5064620355411955,0.2021339656194428,0.3995601173020527,0.4332273449920509,0.373394495412844,0.2297717842323651,0.381167365366011,0.385896180215475,0.5135363790186125,0.0730586840545346,0.3793103448275862,0.3835897435897435,0.962566844919786,0.1864256075874333,0.3302861685214626,0.3338690237042989,0.7833935018050542,0.5305055200464845,0.5859802847754655,0.1644859813084112,0.0615920976176641,0.3679245283018867,0.9230769230769232,0.1441022661243463,0.3508064516129032,0.8850574712643678,0.3065569117229634,0.6027777777777777,0.077490774907749,0.4139194139194139,0.2191314220834516,0.3160621761658031,0.568094250148192,0.3369829683698296,0.4931719187258113,0.5208900219298247,0.4856747698504028,0.1082180634662327,0.1386906885479843,0.0115950226244343,0.138195302843016,0.2933868974042027,8.60916549929958,25.34220445459737,0.2844631852092118,2013,,3758.0,243.0,44.0,294.0,440.0,120.0,124.0,124.0,120.0,,,0.3026081802015412,15.21953893977873
518040.0,178.0,16292.0,16292.0,4713.0,4713.0,1933.0,32584.0,2692.0,4365.0,521.0,905.0,702.0,1181.0,1091.0,2721.0,1263.0,3175.0,400.0,1031.0,40.0,108.0,107.0,284.0,1026.0,2947.0,89.0,283.0,304.0,908.0,5046.0,10261.0,1426.0,3978.0,3349.0,17719.0,17719.0,683.0,1336.0,129.0,391.0,416.0,2169.0,1266.0,2620.0,411.0,1192.0,1456.0,5221.0,4788.0,5304.0,3396.0,882.0,762.0,45.0,2900.0,1024.0,734.0,41.0,2394.0,1132.0,3526.0,757.0,375.0,1357.0,401.0,636.0,8184.0,583.0,1555.0,75.0,1835.0,3595.0,458.0,5888.0,2213.0,8101.0,259.0,1261.0,736.0,525.0,1261.0,267.0,736.0,1110.0,133.0,525.0,108.0,2371.0,233.0,630.0,1720.0,3917.0,5.0,283.0,246.0,4391.0,316.0,25.0,96.0,1643.0,76.0,577.0,734.0,41.0,24.0,501.0,17.0,43.0,190.0,775.0,443.0,34.0,6.0,22.0,33.0,15550.0,5140.0,4658.0,452.0,0.4744351961950059,0.5131832797427652,0.7938288920056101,0.3584715937657114,0.329923273657289,0.3447986577181208,0.3620645817442156,0.4917649351915018,0.5112275449101796,0.483206106870229,0.5046000421377905,0.5075275043427909,0.4938352570828961,0.5446461652463875,0.5472460838807478,0.5530738140821102,0.279373551513449,0.010306686777275,0.0715329889874281,0.1147766323024054,0.069827269386255,0.0135433070866141,0.0164888457807953,0.008143875127248,0.5318431041754534,0.8592870544090057,0.1407129455909943,0.6980582524271844,0.3019417475728155,0.7588916459884202,0.2411083540115798,0.7174947145877378,0.2825052854122621,0.3721351025331725,0.3155610663360198,0.2283129324108568,0.244852531997774,0.2302737520128824,0.6278648974668275,0.6844389336639801,0.7716870675891432,0.755147468002226,0.7697262479871175,0.0380434782608695,90.57400972897844,0.5716129032258065,15.898600540142402,15.898600540142402,15.10931745642033,15.10931745642033,0.3065524264344406,0.6167239404352807,0.6966873706004141,0.5040861812778603,0.1910948802584451,0.4009555310547593,0.4310549190043461,0.3675527039413382,0.2229791417936653,0.3977952755905511,0.4032567049808429,0.503562945368171,0.0724067701383524,0.3879728419010669,0.3944773175542406,0.9375,0.2069667813750965,0.3481506616898541,0.3510092370851864,0.7378167641325536,0.5240301100173712,0.5756906077348066,0.1938579654510556,0.0625361899247249,0.3703703703703703,0.85,0.1638679791546033,0.3144876325088339,0.8651685393258427,0.3098111227701993,0.594411515664691,0.074501573976915,0.3767605633802817,0.2381951731374606,0.3348017621145374,0.5859259779478896,0.353103448275862,0.4913443719585301,0.5231856981981983,0.4797086408282453,0.1100723570468079,0.1417846047635485,0.0188632414991312,0.1224109712737739,0.2946554545967605,8.49861611928662,25.326344896933133,0.2892830837220722,2014,2.0,3915.0,246.0,32.0,283.0,452.0,106.0,114.0,114.0,106.0,,,0.3083783973593651,14.520143253981862
471960.0,162.0,15438.0,15438.0,4362.0,4362.0,1908.0,30876.0,2578.0,4286.0,532.0,934.0,685.0,1162.0,993.0,2725.0,969.0,2545.0,390.0,1010.0,45.0,116.0,107.0,271.0,1034.0,3129.0,99.0,276.0,286.0,908.0,4540.0,9556.0,1424.0,4139.0,2937.0,16289.0,16289.0,691.0,1385.0,144.0,392.0,360.0,2174.0,1118.0,2373.0,393.0,1179.0,1320.0,4735.0,4710.0,4370.0,3510.0,762.0,754.0,43.0,3084.0,1032.0,821.0,47.0,2355.0,1170.0,3525.0,795.0,375.0,1421.0,423.0,511.0,8220.0,642.0,1503.0,54.0,1953.0,3454.0,493.0,5900.0,2199.0,8099.0,243.0,1230.0,789.0,441.0,1230.0,255.0,789.0,956.0,126.0,441.0,86.0,2186.0,202.0,531.0,1513.0,3544.0,2.0,257.0,173.0,4049.0,304.0,11.0,64.0,1462.0,54.0,615.0,821.0,47.0,33.0,497.0,14.0,44.0,280.0,868.0,495.0,23.0,16.0,23.0,17.0,14115.0,4640.0,4305.0,403.0,0.5187224669603524,0.5656978140763872,0.8216292134831461,0.3440444551824112,0.3673469387755102,0.3333333333333333,0.34716796875,0.475094181665969,0.4989169675090252,0.4711335861778339,0.487477181453085,0.5104108047270681,0.4807150900900901,0.5233705112500806,0.5432283858070964,0.5337027821759783,0.3022270901788974,0.0113553998550374,0.0859146086228547,0.1159589360709286,0.1027522935779816,0.0172888015717092,0.0138613861386138,0.0105465004793863,0.5626715462031107,0.9012797074954296,0.0987202925045703,0.6967924147669962,0.3032075852330038,0.7526011560693642,0.2473988439306358,0.715969279661017,0.2840307203389831,0.3670212765957447,0.3243873978996499,0.2101869761444229,0.2438162544169611,0.258957654723127,0.6329787234042553,0.67561260210035,0.7898130238555771,0.7561837455830389,0.741042345276873,0.0362632442918967,94.20594965675058,0.5702764976958525,15.285658764088613,15.285658764088613,14.50725482575463,14.50725482575463,0.3129609346476816,0.6014932337844143,0.6803906043811032,0.5512024825446082,0.198977729098211,0.3644036697247706,0.4061349693251533,0.4259818731117825,0.1858342460752099,0.3807465618860511,0.3874450219912035,0.5273477812177503,0.0737495436290617,0.3861386138613861,0.3915662650602409,0.9615384615384616,0.2284775465498357,0.3304570150207734,0.3339793281653747,0.7688588007736944,0.5256049521665729,0.569593147751606,0.2236842105263158,0.0652785593697242,0.3879310344827586,0.8888888888888888,0.1553179516038266,0.358695652173913,0.8585858585858586,0.3271396396396396,0.5895008605851979,0.076295045045045,0.3948339483394834,0.2556306306306306,0.3149779735682819,0.6151880248265791,0.3346303501945525,0.5052134250091674,0.5217853070175438,0.499492912150599,0.1017722878625134,0.1364569721859249,0.0129124820659971,0.1334643010620664,0.2906869666646203,7.796703641691084,25.46003865668036,0.2825495530509133,2015,2.0,3536.0,173.0,40.0,257.0,403.0,112.0,93.0,93.0,112.0,,,0.29565534866739684,14.136460168292427
498360.0,172.0,16070.0,16070.0,4354.0,4354.0,1951.0,32140.0,2604.0,4454.0,493.0,901.0,659.0,1077.0,1059.0,2740.0,1052.0,2669.0,465.0,1196.0,56.0,130.0,121.0,306.0,1106.0,3236.0,92.0,297.0,285.0,888.0,4715.0,9863.0,1571.0,4432.0,3027.0,17170.0,17170.0,675.0,1351.0,148.0,427.0,409.0,2203.0,1135.0,2328.0,406.0,1194.0,1273.0,4761.0,4292.0,5138.0,3822.0,891.0,678.0,46.0,3189.0,1105.0,811.0,42.0,2146.0,1274.0,3420.0,825.0,449.0,1296.0,385.0,465.0,8114.0,681.0,1508.0,57.0,2053.0,3571.0,423.0,6047.0,2246.0,8293.0,267.0,1259.0,792.0,467.0,1259.0,237.0,792.0,1009.0,156.0,467.0,64.0,2268.0,211.0,613.0,1564.0,3624.0,1.0,304.0,212.0,4050.0,300.0,9.0,66.0,1484.0,81.0,551.0,811.0,42.0,31.0,550.0,11.0,46.0,215.0,853.0,520.0,37.0,9.0,18.0,16.0,14967.0,4716.0,4326.0,407.0,0.4551431601272534,0.4904021937842779,0.8109484404837684,0.3544675090252707,0.3466042154566744,0.3400335008375209,0.3579571363429092,0.4780492750684376,0.4996299037749815,0.4875429553264604,0.49468345575376,0.5044994375703037,0.4951731970471323,0.5315488759160353,0.5392541707556427,0.5480702565287728,0.3100384749912557,0.0094765342960288,0.0822265030923654,0.1234845083071396,0.0784671532846715,0.0172349194454852,0.0091973244147157,0.0095797280593325,0.5551146384479718,0.88125,0.11875,0.7030911596771018,0.2969088403228982,0.7509144111192392,0.2490855888807608,0.719825931140407,0.280174068859593,0.371117166212534,0.3003003003003003,0.2070930968967701,0.2377171215880893,0.2809457579972184,0.6288828337874659,0.6996996996996997,0.7929069031032299,0.7622828784119107,0.7190542420027817,0.0382685968181166,92.86780640500842,0.6096131301289566,15.50591163658992,15.50591163658992,14.72283758556316,14.72283758556316,0.311577474641483,0.5846430175123485,0.6670081967213115,0.4976958525345622,0.1916754109828611,0.3864963503649635,0.4194059405940594,0.3635505193578848,0.1867086393844001,0.3941551142750094,0.4010674799847503,0.4420152091254752,0.0836656173487233,0.3887959866220736,0.3924050632911392,0.9655913978494624,0.2263728576425323,0.3417799752781211,0.3450858034321373,0.7459312839059674,0.5067491563554556,0.5471698113207547,0.1724137931034483,0.0731158605174353,0.4307692307692308,0.9285714285714286,0.1670416197975253,0.3097643097643097,0.9021739130434784,0.3057921635434412,0.6118848653667596,0.0868824531516184,0.3954248366013072,0.252129471890971,0.3209459459459459,0.6216159496327387,0.3465036061461273,0.5083205706655421,0.5327995883233533,0.5038726958525346,0.1006366150086811,0.1343351136055037,0.0179840142095914,0.1283051834595224,0.2772859638905067,7.860012166683565,25.342193140794222,0.2709396390790292,2016,1.0,3614.0,212.0,51.0,304.0,407.0,136.0,103.0,103.0,136.0,,,0.2833158447009444,14.087831542331822
456840.0,158.0,14965.0,14965.0,4165.0,4165.0,1668.0,29930.0,2604.0,4255.0,449.0,798.0,709.0,1151.0,995.0,2292.0,827.0,2075.0,440.0,1129.0,57.0,134.0,123.0,295.0,1220.0,3468.0,109.0,298.0,304.0,966.0,4426.0,8622.0,1660.0,4597.0,2923.0,16755.0,16755.0,581.0,1135.0,166.0,432.0,292.0,1952.0,1149.0,2211.0,427.0,1261.0,1190.0,4769.0,4374.0,4478.0,3945.0,1035.0,616.0,52.0,3416.0,1220.0,694.0,46.0,2187.0,1315.0,3502.0,896.0,419.0,1416.0,387.0,384.0,8319.0,646.0,1243.0,42.0,2168.0,2908.0,380.0,5456.0,1931.0,7387.0,202.0,1192.0,766.0,426.0,1192.0,260.0,766.0,915.0,131.0,426.0,78.0,2107.0,196.0,535.0,1568.0,3282.0,4.0,207.0,172.0,3765.0,345.0,19.0,78.0,1457.0,113.0,416.0,694.0,46.0,34.0,519.0,12.0,31.0,144.0,740.0,405.0,43.0,5.0,16.0,22.0,14803.0,4726.0,4137.0,334.0,0.4941256213285133,0.5310830500242837,0.7921686746987951,0.3611050685229497,0.3842592592592592,0.3386201427438541,0.3652365236523652,0.5133379726281605,0.5118942731277533,0.519674355495251,0.5231863227173008,0.5296745373324825,0.5154089861751152,0.5621925746243515,0.5570854847963281,0.5692547328061347,0.3477570164157652,0.0100065259952142,0.0804917652516817,0.1219741480611045,0.06282722513089,0.0149397590361445,0.0106288751107174,0.0098039215686274,0.565733270052207,0.9004739336492891,0.0995260663507109,0.7005540833534089,0.2994459166465912,0.7704335465529495,0.2295664534470504,0.7287867910983489,0.2712132089016511,0.3669108669108669,0.3185703185703186,0.1892332789559543,0.2191459408728296,0.2620790629575402,0.6330891330891331,0.6814296814296814,0.8107667210440457,0.7808540591271703,0.7379209370424598,0.032387365720699,94.34200157604413,0.5472972972972973,15.263615101904444,15.263615101904444,14.582091546942866,14.582091546942866,0.3218851652923822,0.6119858989424207,0.6970021413276232,0.543778801843318,0.1733867917391633,0.4341186736474695,0.4632216014897579,0.3889447236180904,0.1569710265526893,0.3985542168674699,0.4045988258317025,0.464328899637243,0.085407368182162,0.3897254207263064,0.3939122649955237,0.9522727272727272,0.2623496482336031,0.3517877739331027,0.355270821199767,0.7344262295081967,0.5092533503509892,0.5626566416040101,0.2048997772828507,0.0855137204850031,0.4253731343283582,0.9473684210526316,0.1901723037651563,0.3657718120805369,0.8256880733944955,0.3315092165898617,0.6159860990443093,0.0849654377880184,0.4169491525423728,0.2782258064516129,0.3146997929606625,0.6696421817081474,0.3571428571428571,0.5135156383140596,0.5209513548951048,0.5060844545188651,0.1088388214904679,0.1496815286624203,0.0240886804519292,0.1165025365562518,0.2846314532975231,7.322535374623058,25.49112464650859,0.2783160708319412,2017,,3278.0,172.0,49.0,207.0,334.0,158.0,80.0,80.0,158.0,,,0.28481730841969893,13.998511786122407
474720.0,164.0,15657.0,15657.0,4330.0,4330.0,1642.0,31314.0,2830.0,4426.0,473.0,814.0,721.0,1148.0,997.0,2563.0,744.0,1921.0,458.0,1109.0,54.0,117.0,120.0,269.0,1265.0,3797.0,99.0,286.0,342.0,1106.0,4571.0,8910.0,1723.0,4906.0,2818.0,17129.0,17129.0,605.0,1135.0,153.0,403.0,284.0,1953.0,1111.0,2202.0,462.0,1375.0,1179.0,4787.0,4436.0,4706.0,4074.0,1095.0,680.0,47.0,3748.0,1263.0,727.0,64.0,2218.0,1358.0,3576.0,919.0,439.0,1507.0,390.0,321.0,8510.0,604.0,1245.0,40.0,2450.0,3037.0,380.0,5867.0,1889.0,7756.0,250.0,1198.0,765.0,433.0,1198.0,242.0,765.0,968.0,174.0,433.0,86.0,2166.0,183.0,582.0,1486.0,3401.0,2.0,199.0,173.0,3683.0,312.0,21.0,55.0,1389.0,99.0,461.0,727.0,64.0,47.0,415.0,17.0,51.0,261.0,791.0,476.0,38.0,6.0,12.0,13.0,15176.0,4741.0,4300.0,395.0,0.485232990592868,0.5242259513117467,0.788160185722577,0.3512026090501426,0.379652605459057,0.336,0.3541881045482609,0.5130190796857463,0.5330396475770925,0.5045413260672116,0.5179140127388535,0.5425877763328999,0.5043332401453732,0.5535251425609123,0.5695093457943925,0.5559310184106269,0.3550955414012738,0.0130452507134121,0.0815937149270482,0.0937641211025756,0.1018337885290674,0.0265486725663716,0.0153291253381424,0.0123781933105082,0.5530932594644506,0.9047619047619048,0.0952380952380952,0.7092480149462868,0.2907519850537132,0.802226588081205,0.197773411918795,0.7479552889858233,0.2520447110141766,0.3687185929648241,0.2922877511341542,0.1804707933740191,0.1922917530045586,0.2184087363494539,0.6312814070351759,0.7077122488658457,0.8195292066259808,0.8077082469954414,0.781591263650546,0.0381097560975609,94.98685540950456,0.6017699115044248,15.159992335696494,15.159992335696494,14.556300696174237,14.556300696174237,0.3203532136653155,0.6394035246272028,0.7055597107953129,0.5325088339222614,0.1855095541401273,0.388997268825595,0.4331016507384883,0.391173520561685,0.1390416907932831,0.3872982821447163,0.3978609625668449,0.4314516129032258,0.0802692530399536,0.4129846708746618,0.4194139194139194,0.9585152838427948,0.2748262883613202,0.3331577561232552,0.3373333333333333,0.7264822134387352,0.52925877763329,0.581081081081081,0.2071881606765327,0.0760728218465539,0.4615384615384615,0.8888888888888888,0.1859557867360208,0.3461538461538461,0.8383838383838383,0.3209393346379647,0.6280487804878049,0.0752026838132513,0.4460966542750929,0.309197651663405,0.3092224231464738,0.6754487550665894,0.3369797225186766,0.5085149451188485,0.5408100263852244,0.5044989787234042,0.0993921581724667,0.1390808050465605,0.0198635634028892,0.1140171638741315,0.2794675696187751,7.234242424242425,25.91736649001223,0.276553618189947,2018,2.0,3396.0,173.0,47.0,199.0,395.0,86.0,85.0,85.0,86.0,,,0.2665749855240301,13.78430803537336
477120.0,164.0,16064.0,16064.0,4682.0,4682.0,1841.0,32128.0,2617.0,4213.0,486.0,838.0,712.0,1152.0,1100.0,2860.0,733.0,1785.0,444.0,1228.0,38.0,134.0,119.0,345.0,1418.0,4173.0,128.0,365.0,380.0,1198.0,4450.0,8858.0,1862.0,5401.0,3177.0,17663.0,17663.0,642.0,1227.0,166.0,499.0,375.0,2157.0,1156.0,2361.0,499.0,1543.0,1432.0,5241.0,4626.0,4274.0,4383.0,1203.0,726.0,51.0,4121.0,1417.0,733.0,66.0,2313.0,1461.0,3774.0,1034.0,427.0,1447.0,504.0,362.0,9009.0,714.0,1360.0,53.0,2694.0,2997.0,375.0,6066.0,2127.0,8193.0,282.0,1161.0,718.0,443.0,1161.0,234.0,718.0,1039.0,135.0,443.0,133.0,2200.0,193.0,576.0,1623.0,3638.0,3.0,237.0,220.0,4053.0,317.0,23.0,69.0,1510.0,112.0,503.0,733.0,66.0,47.0,444.0,19.0,39.0,250.0,799.0,464.0,30.0,8.0,7.0,15.0,15506.0,5155.0,4631.0,402.0,0.5197752808988764,0.5659407878639588,0.784640171858217,0.3447509720422144,0.3326653306613226,0.3233959818535321,0.3478504672897196,0.5023707383156468,0.5232273838630807,0.4896230410842863,0.5079598849849218,0.5162224797219004,0.4878329918032787,0.5486163051608077,0.5529562982005142,0.5506649778340722,0.3787783154498913,0.0122199592668024,0.0827500564461503,0.105388084500356,0.0874125874125874,0.0218487394957983,0.015472312703583,0.0112628804217589,0.5277272727272727,0.8761682242990654,0.1238317757009345,0.6878586183153546,0.3121413816846454,0.7904929577464789,0.2095070422535211,0.7329040566645203,0.2670959433354797,0.3920454545454545,0.301377726750861,0.2075654704170708,0.2011406844106464,0.2377892030848329,0.6079545454545454,0.698622273249139,0.7924345295829291,0.7988593155893536,0.7622107969151671,0.0404417037143266,96.96579476861169,0.5807259073842302,14.850597609561753,14.850597609561753,14.231075697211155,14.231075697211155,0.2954625149028683,0.6211725611203418,0.6943486335898116,0.5529231944975163,0.2005750753909811,0.3846153846153846,0.421455938697318,0.4581818181818182,0.1251840942562592,0.4106442577030812,0.4198167239404353,0.4938608458390177,0.086121046356687,0.3615635179153094,0.3672456575682382,0.9617117117117115,0.2926572690932043,0.3398034986820034,0.3436742607852642,0.7291960507757405,0.4855156431054461,0.5799522673031027,0.191358024691358,0.0776361529548088,0.2835820895522388,0.9210526315789472,0.2114716106604866,0.3506849315068493,0.8359375,0.2950819672131147,0.6180555555555556,0.0883709016393442,0.344927536231884,0.3068647540983606,0.3171953255425709,0.6742408303527596,0.3438485804416404,0.5029159175766115,0.5124387658227848,0.4978473418049792,0.1043690882182613,0.1502338075813352,0.0204007285974499,0.1221196852176867,0.2967219611617505,7.169981937231881,25.949083503054982,0.2914591633466135,2019,1.0,3636.0,220.0,61.0,237.0,402.0,,107.0,107.0,,,,0.28424153166421207,13.651606049398957
482280.0,166.0,16239.0,16239.0,4550.0,4550.0,1643.0,32478.0,2521.0,3942.0,434.0,735.0,674.0,1032.0,1085.0,2556.0,671.0,1582.0,621.0,1577.0,46.0,146.0,167.0,416.0,1549.0,4450.0,108.0,334.0,364.0,1218.0,4277.0,8080.0,2170.0,6027.0,3123.0,18187.0,18187.0,556.0,1004.0,154.0,480.0,314.0,1888.0,1111.0,2083.0,531.0,1634.0,1314.0,5129.0,4080.0,4474.0,5268.0,1242.0,658.0,42.0,4406.0,1547.0,655.0,52.0,2040.0,1756.0,3796.0,1166.0,590.0,1314.0,430.0,296.0,9348.0,717.0,1087.0,49.0,3011.0,2671.0,378.0,6060.0,1853.0,7913.0,269.0,1168.0,746.0,422.0,1168.0,285.0,746.0,1154.0,128.0,422.0,121.0,2322.0,179.0,610.0,1659.0,3611.0,3.0,238.0,253.0,3963.0,359.0,23.0,70.0,1553.0,109.0,440.0,655.0,52.0,35.0,391.0,17.0,36.0,228.0,707.0,437.0,31.0,7.0,12.0,12.0,16299.0,5046.0,4503.0,354.0,0.4769698386719663,0.5167173252279635,0.8092165898617512,0.3600464576074332,0.3208333333333333,0.324969400244798,0.3622389306599833,0.5293316831683168,0.5537848605577689,0.5333653384541527,0.5339193308286666,0.5303234501347709,0.5131826741996234,0.5727238263726543,0.5647870425914817,0.5694847200535356,0.4272347061742397,0.0086278413804546,0.0810643564356435,0.0991882293252156,0.0892018779342723,0.02275600505689,0.0107799619530754,0.0078651685393258,0.5030146425495263,0.8852459016393442,0.1147540983606557,0.7107503991484833,0.2892496008515167,0.8076716738197425,0.1923283261802575,0.7590168314186482,0.2409831685813518,0.3553191489361702,0.2895460797799175,0.1845637583892617,0.1894320632638389,0.200845665961945,0.6446808510638298,0.7104539202200826,0.8154362416107382,0.810567936736161,0.7991543340380549,0.039605418138987,96.97337646180642,0.6181046676096181,14.849436541658967,14.849436541658967,14.33376439435926,14.33376439435926,0.2794357411214291,0.6395230847285642,0.7099408617290904,0.5212217374057914,0.1811866449280499,0.424491392801252,0.4660652920962199,0.3963133640552995,0.1121429077762812,0.4241466498103666,0.4340232858990944,0.4411326378539493,0.1117884738073296,0.3937856689917565,0.398076923076923,0.9500805152979066,0.31544623236691,0.3480898876404494,0.3508493771234428,0.7527437056165268,0.4952830188679245,0.5904761904761905,0.1889400921658986,0.0983827493261455,0.3150684931506849,0.8695652173913043,0.2250673854447439,0.3233532934131736,0.8888888888888888,0.2776432606941081,0.6531007751937985,0.1119182136131288,0.4014423076923077,0.327683615819209,0.2988505747126437,0.7066704472956689,0.3511121198365864,0.5085143101117199,0.5207092666005948,0.5015160125374761,0.1078393135725429,0.1674574078067716,0.0173486088379705,0.1038104140320008,0.282014625831638,7.236274752475246,25.644831591173052,0.2801896668514071,2020,2.0,3603.0,253.0,65.0,238.0,354.0,,133.0,133.0,,,,0.28092436379102576,14.228185287492677
492000.0,170.0,16345.0,16345.0,4416.0,4416.0,1814.0,32690.0,2538.0,3901.0,492.0,811.0,605.0,942.0,1402.0,3236.0,767.0,1803.0,509.0,1300.0,54.0,128.0,133.0,336.0,1613.0,4531.0,135.0,372.0,414.0,1193.0,4707.0,8940.0,2122.0,5831.0,2974.0,18754.0,18754.0,649.0,1206.0,189.0,500.0,311.0,2176.0,1102.0,2126.0,547.0,1529.0,1253.0,5098.0,4262.0,5152.0,4809.0,1557.0,784.0,37.0,4493.0,1612.0,691.0,57.0,2131.0,1603.0,3734.0,1122.0,481.0,1340.0,516.0,275.0,9071.0,800.0,1240.0,44.0,2791.0,2930.0,355.0,6076.0,2084.0,8160.0,279.0,1135.0,685.0,450.0,1135.0,229.0,685.0,932.0,141.0,450.0,89.0,2067.0,195.0,542.0,1495.0,3483.0,3.0,235.0,191.0,3782.0,315.0,20.0,73.0,1395.0,105.0,456.0,691.0,57.0,39.0,341.0,18.0,36.0,314.0,748.0,421.0,36.0,10.0,7.0,15.0,16578.0,4988.0,4348.0,352.0,0.4527299766305502,0.4938586326767091,0.7554194156456173,0.3639169953695764,0.378,0.3577501635055592,0.3660683465654125,0.526510067114094,0.5381426202321725,0.5183443085606774,0.5341547627107169,0.5466002344665886,0.5259917920656635,0.5703086871644705,0.5748677248677249,0.5785698018674562,0.3947600027080089,0.0097753387069113,0.0772930648769575,0.0874134837221225,0.0970333745364647,0.0199667221297836,0.0138461538461538,0.0086073714411829,0.5491049830672472,0.8897243107769424,0.1102756892230576,0.7026378896882494,0.2973621103117506,0.7772208298524088,0.2227791701475912,0.7371472748357171,0.2628527251642829,0.3762010347376201,0.2913907284768212,0.2019900497512438,0.2249911000355998,0.2148337595907928,0.6237989652623799,0.7086092715231788,0.7980099502487562,0.7750088999644001,0.7851662404092071,0.0396757679180887,95.6780487804878,0.5628342245989305,15.05047415111655,15.05047415111655,14.496420923829918,14.496420923829918,0.264098571525286,0.6506024096385542,0.7129213483146067,0.5279747832939322,0.2190779229571457,0.4332509270704573,0.4798083504449008,0.3680456490727532,0.1220635028095592,0.425402107598447,0.4340690435766836,0.3585397653194263,0.0880102904339584,0.3915384615384615,0.3970358814352574,0.9449901768172888,0.3067497122740505,0.3559920547340543,0.3590828138913624,0.6955982641041537,0.4753810082063306,0.6066584463625154,0.1727642276422764,0.0750293083235638,0.421875,0.925925925925926,0.2180539273153575,0.3629032258064516,0.8148148148148148,0.2577291381668947,0.6422505307855626,0.0919288645690834,0.3958333333333333,0.3264021887824897,0.347024308466052,0.658858574233295,0.3587803249499221,0.5147471051916281,0.5780225126475549,0.5028618224557522,0.0938990710519708,0.1392215568862275,0.017083897158322,0.1160285805694785,0.2718353417937507,7.457863534675614,25.84767621334248,0.2701743652493117,2021,1.0,3481.0,191.0,36.0,235.0,352.0,,87.0,87.0,,,,0.2560422449394083,12.589779072827028
501720.0,174.0,16519.0,16519.0,4689.0,4689.0,1816.0,33038.0,2315.0,3448.0,468.0,753.0,622.0,924.0,1541.0,3549.0,648.0,1557.0,593.0,1577.0,52.0,145.0,172.0,437.0,1542.0,4440.0,159.0,418.0,386.0,1197.0,4504.0,8554.0,2135.0,6017.0,3083.0,18496.0,18496.0,626.0,1158.0,211.0,563.0,346.0,2231.0,1151.0,2208.0,558.0,1634.0,1347.0,5323.0,4518.0,4490.0,5169.0,1236.0,716.0,35.0,4404.0,1541.0,719.0,74.0,2259.0,1723.0,3982.0,1155.0,568.0,1288.0,708.0,263.0,9687.0,808.0,1209.0,56.0,2940.0,2775.0,363.0,6078.0,2073.0,8151.0,279.0,1234.0,754.0,480.0,1234.0,264.0,754.0,1149.0,135.0,480.0,103.0,2383.0,168.0,649.0,1613.0,3732.0,3.0,282.0,280.0,3928.0,376.0,23.0,79.0,1542.0,75.0,468.0,719.0,74.0,47.0,311.0,27.0,38.0,370.0,793.0,457.0,23.0,14.0,11.0,11.0,16265.0,5250.0,4647.0,375.0,0.5015541740674956,0.5448625180897251,0.8070257611241218,0.3548279873691208,0.3747779751332149,0.3414932680538555,0.3567368772985623,0.5265372924947394,0.540587219343696,0.521286231884058,0.5288930066570585,0.5476467170249855,0.5174388339406559,0.5670787968259826,0.5815047021943573,0.57433455961913,0.4129435179466063,0.0122984876184144,0.0840542436287117,0.0901972157772621,0.104254719639335,0.0244059087989723,0.0171211160431198,0.0105855855855855,0.5178346621905161,0.8663484486873508,0.1336515513126491,0.6965361445783133,0.3034638554216867,0.7844183564567769,0.215581643543223,0.7391360579410243,0.2608639420589757,0.3603202846975089,0.3214105793450881,0.1897142857142857,0.2086925287356321,0.2354771784232365,0.6396797153024911,0.6785894206549118,0.8102857142857143,0.7913074712643678,0.7645228215767634,0.0400919672366719,94.82324802678784,0.5762925598991173,15.186149282644228,15.186149282644228,14.60826926569405,14.60826926569405,0.2366344108160044,0.6714037122969838,0.7379662097545425,0.5563714902807776,0.2435659872349186,0.4342068188222034,0.4847436300723498,0.4594419208306294,0.1068560840024706,0.4161849710982659,0.4265964450296247,0.4058641975308642,0.1082286733923546,0.3760304375396322,0.3825806451612903,0.957841483979764,0.3047148445542516,0.3472972972972973,0.3510129751877988,0.7490272373540856,0.4375363160952934,0.6215139442231076,0.2008547008547008,0.084253341080767,0.3586206896551724,0.9230769230769232,0.2428820453224869,0.3803827751196172,0.8301886792452831,0.2404997397188964,0.6731601731601732,0.1137428422696512,0.3935926773455377,0.3115564809994794,0.3224728487886382,0.6495779287626107,0.3499091734786557,0.5133393587712652,0.5311721332209105,0.5053311596108335,0.1023562199138586,0.1586419753086419,0.0121951219512195,0.1206206747404844,0.287791955017301,7.333715220949264,25.77053348844939,0.2838549549004177,2022,1.0,3727.0,280.0,64.0,282.0,375.0,,113.0,113.0,,,,0.2695765561732208,14.347366418372335
486240.0,168.0,16176.0,16176.0,3920.0,3920.0,1819.0,32352.0,2407.0,3679.0,443.0,772.0,529.0,785.0,1658.0,3705.0,662.0,1506.0,543.0,1456.0,61.0,148.0,137.0,357.0,1480.0,4305.0,138.0,395.0,324.0,1032.0,4727.0,8890.0,2023.0,5761.0,2888.0,18411.0,18411.0,643.0,1226.0,199.0,543.0,353.0,2236.0,1024.0,1897.0,461.0,1389.0,1084.0,4515.0,4734.0,4720.0,4857.0,1212.0,710.0,36.0,4267.0,1478.0,751.0,51.0,2367.0,1619.0,3986.0,1088.0,531.0,1371.0,726.0,270.0,9591.0,855.0,1272.0,38.0,2742.0,2839.0,316.0,5897.0,2165.0,8062.0,278.0,1145.0,712.0,433.0,1145.0,241.0,712.0,1000.0,118.0,433.0,112.0,2145.0,185.0,524.0,1551.0,3289.0,3.0,274.0,207.0,3635.0,331.0,15.0,56.0,1498.0,59.0,381.0,751.0,51.0,38.0,342.0,13.0,25.0,384.0,802.0,479.0,37.0,6.0,12.0,12.0,16175.0,4440.0,3877.0,303.0,0.5007404273323461,0.5413998170173834,0.8002965892239249,0.3511543134872418,0.3664825046040516,0.331893448524118,0.3530131004366812,0.5317210348706412,0.5244698205546493,0.5397996837111229,0.5297590608149615,0.5322215941209723,0.5220632988435788,0.5653820107123069,0.5618401206636501,0.5753897265525173,0.3932154801720019,0.0088526297517792,0.0844769403824522,0.0929600434900788,0.1036437246963562,0.0166002656042496,0.0089285714285714,0.0088269454123112,0.5337995337995338,0.8926553672316384,0.1073446327683615,0.690586232060326,0.309413767939674,0.762301918265221,0.237698081734779,0.7240529320186819,0.2759470679813181,0.3809148264984227,0.3012345679012346,0.2188264058679706,0.233160621761658,0.2513966480446927,0.6190851735015773,0.6987654320987654,0.7811735941320294,0.7668393782383419,0.7486033519553073,0.0401618029471251,95.81046396841066,0.5972568578553616,15.029673590504451,15.029673590504451,14.407826409495549,14.407826409495549,0.2511091393078971,0.6542538733351454,0.721306562780941,0.5695886996260906,0.2528837622005324,0.4475033738191633,0.4992472146943691,0.4378769601930036,0.1027916183195686,0.4395750332005312,0.4469952734638757,0.4078549848942598,0.0993788819875776,0.3729395604395604,0.3762993762993763,0.9779005524861878,0.2938365981844242,0.3437862950058072,0.3468479025076166,0.7351351351351352,0.4364047484454494,0.5738341968911918,0.2437923250564334,0.0836630864895421,0.4121621621621621,0.9344262295081968,0.2232899943470887,0.3493670886075949,0.8043478260869565,0.2388922702373706,0.6738853503184713,0.1086427267194157,0.3837535014005602,0.3140596469872185,0.313953488372093,0.6443246194798989,0.3463791891258495,0.516669777473468,0.5248165285832642,0.5048552874269905,0.0979885238665741,0.1489509794173212,0.009651844191658,0.1214491336700885,0.2452338276030634,7.195118110236221,25.780020829717063,0.2423343224530168,2023,2.0,3287.0,207.0,53.0,274.0,303.0,,92.0,92.0,,11.0,11.0,0.248105931335745,13.215940457413248
474120.0,164.0,15219.0,15219.0,3705.0,3705.0,1730.0,30438.0,2532.0,3923.0,437.0,755.0,557.0,894.0,1351.0,3075.0,594.0,1366.0,513.0,1426.0,43.0,133.0,112.0,334.0,1409.0,4050.0,130.0,385.0,309.0,968.0,4477.0,8364.0,1922.0,5476.0,2601.0,17321.0,17321.0,597.0,1144.0,173.0,518.0,301.0,2014.0,960.0,1833.0,421.0,1302.0,971.0,4154.0,4576.0,4378.0,4530.0,1236.0,642.0,45.0,4002.0,1406.0,714.0,71.0,2288.0,1510.0,3798.0,1017.0,493.0,1454.0,584.0,250.0,9106.0,829.0,1158.0,42.0,2596.0,2677.0,314.0,5587.0,2029.0,7616.0,255.0,1051.0,627.0,424.0,1051.0,240.0,627.0,950.0,137.0,424.0,86.0,2001.0,188.0,484.0,1438.0,3127.0,,209.0,194.0,3337.0,328.0,11.0,64.0,1380.0,61.0,338.0,714.0,71.0,52.0,401.0,19.0,24.0,289.0,785.0,465.0,41.0,13.0,3.0,23.0,15307.0,4089.0,3667.0,274.0,0.5110565110565111,0.5505293551491819,0.785639958376691,0.3509861212563915,0.333976833976834,0.3233486943164362,0.3533419259804824,0.5352702056432329,0.5218531468531469,0.5237315875613748,0.5317919075144508,0.5153429602888087,0.5076555023923445,0.5649869109947644,0.5449864498644986,0.5604380746349378,0.395664739884393,0.0129656683710737,0.0853658536585365,0.1022176905429518,0.0939837398373983,0.0175695461200585,0.0133239831697054,0.0128395061728395,0.5252373813093453,0.8820224719101124,0.1179775280898876,0.6980443285528032,0.3019556714471968,0.757956204379562,0.2420437956204379,0.7263085399449036,0.2736914600550964,0.3727338651196519,0.2890716803760282,0.2015915119363395,0.2386228729719034,0.2516703786191537,0.6272661348803481,0.7109283196239718,0.7984084880636605,0.7613771270280966,0.7483296213808464,0.039248884100354,92.44646924829158,0.5923566878980892,15.5765819041987,15.5765819041987,14.934884026545763,14.934884026545763,0.2834537572254335,0.6454244200866683,0.7189097103918228,0.5742496050552922,0.2221820809248555,0.4393495934959349,0.4849246231155779,0.4322723908216136,0.0986994219653179,0.4348462664714494,0.4426229508196721,0.4208754208754209,0.1030346820809248,0.3597475455820477,0.3646055437100213,0.9610136452241717,0.2926300578034682,0.3479012345679012,0.3524262131065532,0.7217885024840313,0.4542719614921781,0.5788079470198676,0.2105263157894736,0.0800240673886883,0.3233082706766917,0.7906976744186046,0.2316486161251504,0.3376623376623376,0.8846153846153846,0.2851674641148325,0.6230425055928411,0.1065390749601275,0.3353293413173652,0.3087719298245614,0.3192148760330578,0.6791184971098266,0.3513243378310844,0.5406657222665602,0.5423768981481482,0.53163524457402,0.096379091091627,0.1465590484282073,0.0108597285067873,0.1162750418567057,0.2398244905028578,6.742766618842661,25.820799853907964,0.2434456928838951,2024,3.0,3127.0,194.0,58.0,209.0,274.0,,61.0,61.0,,6.0,6.0,0.24111271676300577,13.095309771810465
486840.0,168.0,16083.0,16083.0,4301.0,4301.0,2001.0,32166.0,2427.0,3703.0,503.0,777.0,624.0,954.0,1493.0,3450.0,533.0,1316.0,572.0,1569.0,62.0,183.0,129.0,381.0,1518.0,4339.0,176.0,454.0,381.0,1139.0,4453.0,8469.0,2090.0,5908.0,3098.0,18274.0,18274.0,672.0,1203.0,238.0,637.0,404.0,2462.0,1040.0,2056.0,510.0,1520.0,1259.0,4869.0,4256.0,4650.0,5022.0,1248.0,772.0,74.0,4262.0,1515.0,762.0,74.0,2128.0,1674.0,3802.0,1113.0,561.0,1275.0,650.0,203.0,9278.0,973.0,1280.0,78.0,2676.0,2681.0,381.0,5738.0,2331.0,8069.0,287.0,1332.0,780.0,552.0,1332.0,246.0,780.0,1028.0,156.0,552.0,89.0,2360.0,265.0,594.0,1659.0,3491.0,5.0,277.0,218.0,3997.0,326.0,8.0,58.0,1607.0,54.0,443.0,762.0,74.0,49.0,385.0,25.0,25.0,352.0,836.0,470.0,26.0,11.0,,14.0,15812.0,4806.0,4262.0,355.0,0.4778800808443745,0.5232358003442341,0.8009569377990431,0.3537576167907921,0.3736263736263736,0.3355263157894737,0.3577305450805622,0.525799976384461,0.5586034912718204,0.5058365758754864,0.5277874382694582,0.5592391304347826,0.5047539149888143,0.5644392147148077,0.5913461538461539,0.5603368712505769,0.4109341309035265,0.0125253893026404,0.089975203684024,0.1039697542533081,0.1020289855072463,0.0189969604863221,0.0159337157425111,0.0112929246370131,0.5644067796610169,0.8300653594771242,0.1699346405228758,0.676849280484726,0.3231507195152739,0.7333516031789531,0.2666483968210468,0.7039421813403417,0.2960578186596583,0.3947784810126582,0.3225141679546625,0.205026455026455,0.2711927981995499,0.254323499491353,0.6052215189873418,0.6774858320453374,0.794973544973545,0.7288072018004501,0.745676500508647,0.0422431557256402,95.14222331772244,0.562200956937799,15.135235963439657,15.135235963439657,14.462102841509669,14.462102841509669,0.2575641649857411,0.6554145287604645,0.7314647377938517,0.5253399258343634,0.2399666133407526,0.4327536231884058,0.4819238218205294,0.43536503683858,0.0915350907699798,0.405015197568389,0.412858249419055,0.3808630393996248,0.1091326424149683,0.3645634161886552,0.3704663212435233,0.9807692307692308,0.3018014884885581,0.3498501958976723,0.3538461538461538,0.733201581027668,0.4222826086956521,0.6473616473616474,0.2087475149105367,0.0994565217391304,0.3387978142076502,0.935483870967742,0.2467391304347826,0.3876651982378855,0.8522727272727273,0.2667785234899328,0.6540880503144654,0.1065436241610738,0.3385826771653543,0.3185123042505592,0.334503950834065,0.6684982958892676,0.3554669169404035,0.5325612094911457,0.5346430032733224,0.5245124607479303,0.1056553305311425,0.1648205128205128,0.0087365591397849,0.1347269344423771,0.2664441282696728,6.975746841421655,25.99126607989168,0.2674252316110178,2025,3.0,3485.0,218.0,46.0,277.0,355.0,,55.0,55.0,,10.0,10.0,0.2780134937747792,14.599732255757614
,,,,,,,,,,,,,,,,,,,,,,,,,,,,,,,,,,,,,,,,,,,,,,,,,,,,,,,,,,,,,,,,,,,,,,,,,,,,,,,,,,,,,,,,,,,,,,,,,,,,,,,,,,,,,,,,,,,,,,,,,,,,,,,,,,,,,,,,,,,,,,,,,,,,,,,,,,,,,,,,,,,,,,,,,,,,,,,,,,,,,,,,,,,,,,,,,,,,,,,,,,,,,,,,,,,,,,,,,,2026,,,,,,,,,,,,,,
