SecondsPlayed,GamesPlayed,OffPoss,DefPoss,PenaltyOffPoss,PenaltyDefPoss,SecondChanceOffPoss,TotalPoss,AtRimFGM,AtRimFGA,SecondChanceAtRimFGM,SecondChanceAtRimFGA,PenaltyAtRimFGM,PenaltyAtRimFGA,ShortMidRangeFGM,ShortMidRangeFGA,LongMidRangeFGM,LongMidRangeFGA,Corner3FGM,Corner3FGA,SecondChanceCorner3FGM,SecondChanceCorner3FGA,PenaltyCorner3FGM,PenaltyCorner3FGA,Arc3FGM,Arc3FGA,SecondChanceArc3FGM,SecondChanceArc3FGA,PenaltyArc3FGM,PenaltyArc3FGA,FG2M,FG2A,FG3M,FG3A,FtPoints,Points,OpponentPoints,SecondChanceFG2M,SecondChanceFG2A,SecondChanceFG3M,SecondChanceFG3A,SecondChanceFtPoints,SecondChancePoints,PenaltyFG2M,PenaltyFG2A,PenaltyFG3M,PenaltyFG3A,PenaltyFtPoints,PenaltyPoints,PtsAssisted2s,PtsUnassisted2s,PtsAssisted3s,PtsUnassisted3s,PtsPutbacks,HeaveMakes,HeaveAttempts,NonHeaveArc3FGA,NonHeaveArc3FGM,Fg2aBlocked,Fg3aBlocked,TwoPtAssists,ThreePtAssists,Assists,Arc3Assists,Corner3Assists,AtRimAssists,ShortMidRangeAssists,LongMidRangeAssists,AssistPoints,OffThreePtRebounds,OffTwoPtRebounds,FTOffRebounds,DefThreePtRebounds,DefTwoPtRebounds,FTDefRebounds,DefRebounds,OffRebounds,Rebounds,SelfOReb,Steals,BadPassSteals,LostBallSteals,LiveBallTurnovers,BadPassOutOfBoundsTurnovers,BadPassTurnovers,DeadBallTurnovers,LostBallOutOfBoundsTurnovers,LostBallTurnovers,Travels,Turnovers,SecondChanceTurnovers,PenaltyTurnovers,ShootingFouls,Fouls,Clear Path Fouls,Loose Ball Fouls,Offensive Fouls,FoulsDrawn,Offensive Fouls Drawn,FTA,2pt And 1 Free Throw Trips,3pt And 1 Free Throw Trips,Technical Free Throw Trips,TwoPtShootingFoulsDrawn,ThreePtShootingFoulsDrawn,NonShootingFoulsDrawn,Blocked2s,Blocked3s,BlockedArc3,BlockedAtRim,BlockedCorner3,BlockedLongMidRange,BlockedShortMidRange,Blocks,RecoveredBlocks,DefensiveGoaltends,OffensiveGoaltends,3SecondViolations,Defensive 3 Seconds Violations,FirstChancePoints,PenaltyPointsExcludingTakeFouls,PenaltyOffPossExcludingTakeFouls,NonShootingPenaltyNonTakeFouls,Assisted2sPct,NonPutbacksAssisted2sPct,Assisted3sPct,Fg3Pct,SecondChanceFg3Pct,PenaltyFg3Pct,NonHeaveFg3Pct,Fg2Pct,SecondChanceFg2Pct,PenaltyFg2Pct,EfgPct,SecondChanceEfgPct,PenaltyEfgPct,TsPct,SecondChanceTsPct,PenaltyTsPct,FG3APct,FG3APctBlocked,FG2APctBlocked,AtRimPctBlocked,ShortMidRangePctBlocked,LongMidRangePctBlocked,Corner3PctBlocked,Arc3PctBlocked,LiveBallTurnoverPct,DefFTReboundPct,OffFTReboundPct,DefTwoPtReboundPct,OffTwoPtReboundPct,DefThreePtReboundPct,OffThreePtReboundPct,DefFGReboundPct,OffFGReboundPct,OffAtRimReboundPct,OffShortMidRangeReboundPct,OffLongMidRangeReboundPct,OffArc3ReboundPct,OffCorner3ReboundPct,DefAtRimReboundPct,DefShortMidRangeReboundPct,DefLongMidRangeReboundPct,DefArc3ReboundPct,DefCorner3ReboundPct,SelfORebPct,Pace,BlocksRecoveredPct,SecondsPerPossOff,SecondsPerPossDef,SecondsExcludingORebsPerPossOff,SecondsExcludingORebsPerPossDef,AtRimFrequency,AtRimAccuracy,UnblockedAtRimAccuracy,AtRimPctAssisted,ShortMidRangeFrequency,ShortMidRangeAccuracy,UnblockedShortMidRangeAccuracy,ShortMidRangePctAssisted,LongMidRangeFrequency,LongMidRangeAccuracy,UnblockedLongMidRangeAccuracy,LongMidRangePctAssisted,Corner3Frequency,Corner3Accuracy,UnblockedCorner3Accuracy,Corner3PctAssisted,Arc3Frequency,Arc3Accuracy,UnblockedArc3Accuracy,Arc3PctAssisted,SecondChanceAtRimFrequency,SecondChanceAtRimAccuracy,SecondChanceAtRimPctAssisted,SecondChanceCorner3Frequency,SecondChanceCorner3Accuracy,SecondChanceCorner3PctAssisted,SecondChanceArc3Frequency,SecondChanceArc3Accuracy,SecondChanceArc3PctAssisted,PenaltyAtRimFrequency,PenaltyAtRimAccuracy,PenaltyCorner3Frequency,PenaltyCorner3Accuracy,PenaltyArc3Frequency,PenaltyArc3Accuracy,AtRimFG3AFrequency,NonHeaveArc3Accuracy,ShotQualityAvg,SecondChanceShotQualityAvg,PenaltyShotQualityAvg,ShootingFoulsDrawnPct,TwoPtShootingFoulsDrawnPct,ThreePtShootingFoulsDrawnPct,SecondChancePointsPct,PenaltyPointsPct,Avg2ptShotDistance,Avg3ptShotDistance,PenaltyOffPossPct,year,StepOutOfBoundsTurnovers,Loose Ball Fouls Drawn,NonShootingPenaltyNonTakeFoulsDrawn,BlockingFouls,Charge Fouls,Charge Fouls Drawn,BlockingFoulsDrawn,Transition Take Fouls,Transition Take Fouls Drawn,FTA_Rate,TOV%
6906140.0,2378.0,219501.0,219501.0,64131.0,64131.0,28227.0,439002.0,33767.0,56234.0,7495.0,13469.0,9249.0,15363.0,16490.0,44835.0,23084.0,57998.0,3078.0,8076.0,333.0,879.0,879.0,2432.0,8446.0,24521.0,884.0,2457.0,2529.0,8100.0,73341.0,159067.0,11524.0,32597.0,44205.0,225459.0,225459.0,11167.0,23023.0,1217.0,3336.0,5826.0,31811.0,18761.0,40811.0,3408.0,10532.0,20251.0,67997.0,83938.0,62744.0,29454.0,5118.0,12292.0,20.0,510.0,23991.0,8426.0,12254.0,251.0,41969.0,9818.0,51787.0,6905.0,2913.0,18734.0,7786.0,15449.0,113392.0,5589.0,26917.0,963.0,14200.0,57882.0,6229.0,78311.0,33469.0,111780.0,4018.0,18596.0,11520.0,7076.0,18596.0,3927.0,11520.0,17182.0,1952.0,7076.0,2144.0,35778.0,3380.0,9885.0,22919.0,53140.0,110.0,3483.0,5024.0,1.0,1.0,59138.0,4582.0,32.0,1947.0,22717.0,196.0,7912.0,12254.0,251.0,180.0,6498.0,71.0,995.0,4761.0,12505.0,7358.0,1252.0,157.0,795.0,735.0,193648.0,67997.0,64131.0,7316.0,0.5722447198701954,0.624585162586502,0.8519611246095106,0.3535294659017701,0.3648081534772182,0.3235852639574629,0.3585252594508679,0.4610698636423645,0.4850367024280068,0.4597044914361324,0.472843100425745,0.492905648924466,0.4649708821066163,0.5137142857142857,0.5280610544557756,0.5289392847067674,0.1700736705901995,0.0077000951007761,0.0770367203756907,0.1155528683714478,0.1061893609902977,0.0171557639918617,0.008791480931154,0.0073406467925451,0.5197607468276595,0.8661012235817576,0.1338987764182425,0.6825788039953301,0.3174211960046699,0.7175703673758148,0.2824296326241851,0.6891995257582132,0.3108004742417868,0.4071300448430493,0.3172261421138906,0.2594883410285449,0.281113427015397,0.2864117168429617,0.5928699551569506,0.6827738578861093,0.7405116589714551,0.718886572984603,0.7135882831570383,0.0435291313674084,91.536354606191,0.5884046381447421,15.731454526403068,15.731454526403068,14.926551587464294,14.926551587464294,0.2933988646798564,0.6004730234377779,0.6789247225349847,0.5548020256463411,0.2339249937390433,0.367793018846883,0.4114887458202326,0.4721649484536082,0.3026024709909007,0.3980137246111935,0.4049611423960142,0.6692514295616011,0.0421362384172301,0.3811292719167904,0.3845096814490943,0.946393762183236,0.1279374321729693,0.344439460054647,0.3469865658765046,0.8175467677006867,0.5109829659698775,0.5564629890860494,0.1609072715143429,0.0333472438256383,0.378839590443686,0.9009009009009008,0.0932129443453848,0.3597883597883597,0.8733031674208145,0.2992228736147089,0.6020308533489552,0.0473677034844087,0.3614309210526316,0.157762499269618,0.3122222222222222,0.4634725352700559,0.3512150389729482,0.4719470696498137,0.4945464961117002,0.4651360178420213,0.1091287512561737,0.1281983273326486,0.0059827233600927,0.1410943896673009,0.3015936378676389,9.19365927565114,25.467404975918026,0.2921672338622603,2001,,,,,,,,,,0.30855037983137157,16.26319151292137
6896032.0,2378.0,217794.0,217794.0,59316.0,59316.0,28768.0,435588.0,34615.0,58217.0,8029.0,14259.0,8817.0,14948.0,15989.0,42045.0,23005.0,57927.0,3276.0,8557.0,385.0,951.0,923.0,2422.0,9126.0,26517.0,962.0,2708.0,2580.0,8205.0,73609.0,158189.0,12402.0,35074.0,42619.0,227043.0,227043.0,11639.0,23440.0,1347.0,3659.0,5749.0,33068.0,17536.0,38096.0,3503.0,10627.0,18095.0,63676.0,83026.0,64192.0,31854.0,5352.0,13114.0,14.0,496.0,26007.0,9112.0,12146.0,278.0,41513.0,10618.0,52131.0,7506.0,3112.0,18817.0,7433.0,15263.0,114880.0,6009.0,27018.0,1001.0,15327.0,56605.0,5762.0,77694.0,34028.0,111722.0,3992.0,18533.0,11619.0,6914.0,18533.0,3876.0,11619.0,15853.0,2101.0,6914.0,1655.0,34386.0,3276.0,8646.0,22604.0,50495.0,93.0,3581.0,4662.0,5.0,5.0,56650.0,4678.0,33.0,2105.0,22409.0,193.0,6954.0,12146.0,278.0,202.0,7059.0,76.0,1008.0,4079.0,12424.0,7351.0,674.0,91.0,674.0,976.0,193975.0,63676.0,59316.0,6410.0,0.5639663628088957,0.6191165065918989,0.8561522335107241,0.3535952557449963,0.3681333697731621,0.3296320692575515,0.3582624790329111,0.4653231261339284,0.4965443686006826,0.4603107937841243,0.4771321980927544,0.5040591903760286,0.4677565010364715,0.5166087442918187,0.5372628284540654,0.5291843122813478,0.1814832637390498,0.0079260991047499,0.0767815714114129,0.1212532421801192,0.0970151028659769,0.0174012118701123,0.0088816173892719,0.0076177546479616,0.5389693479904613,0.8519887623835576,0.1480112376164424,0.6769070710211306,0.3230929289788694,0.718363329583802,0.281636670416198,0.68533427338294,0.31466572661706,0.4118652030922991,0.3191918408500407,0.2656363477907213,0.2758770298747985,0.2995001922337562,0.5881347969077009,0.6808081591499593,0.7343636522092787,0.7241229701252014,0.7004998077662438,0.0430320800275957,90.95762896691896,0.591677398583387,15.831547241889124,15.831547241889124,15.014215267638226,15.014215267638226,0.3012319999172113,0.5945857739148359,0.6766292661949255,0.5436082623140257,0.2175532823147731,0.3802830300868117,0.4211399673391982,0.4648821064481831,0.2997314540289657,0.3971377768570787,0.404170839262812,0.6634644642469029,0.0442764522955764,0.382844454832301,0.3862752033958259,0.94993894993895,0.1372068114434734,0.3441565787985066,0.3467984039521186,0.8224852071005917,0.5261817779253847,0.5630829651448208,0.1734960767218831,0.0350935458873021,0.4048370136698212,0.903896103896104,0.0999298867116867,0.3552437223042836,0.893970893970894,0.3067955585657697,0.5898447952903398,0.0497095827432629,0.3810900082576383,0.1684009605319869,0.3144424131627056,0.4827152636562611,0.3503672088283923,0.4786968081570761,0.504386081268411,0.4709347846393357,0.1070403591691372,0.1273817644383811,0.0054776636203666,0.1456464194007302,0.2804578868320098,9.070144573895783,25.48832183383703,0.2723491005261853,2002,,,,,,,,,,0.29312387782451893,15.733915359167593
6904966.0,2378.0,218928.0,218928.0,61728.0,61728.0,28424.0,437856.0,34220.0,57778.0,7788.0,13906.0,9296.0,15607.0,15810.0,41324.0,22707.0,58094.0,3414.0,9276.0,381.0,991.0,890.0,2577.0,8786.0,25637.0,894.0,2442.0,2512.0,8069.0,72737.0,157196.0,12200.0,34913.0,44028.0,226102.0,226102.0,11426.0,23185.0,1275.0,3433.0,5899.0,32576.0,18160.0,39118.0,3402.0,10646.0,19260.0,65786.0,81466.0,64008.0,31200.0,5400.0,12834.0,14.0,541.0,25082.0,8772.0,11686.0,242.0,40733.0,10400.0,51133.0,7156.0,3244.0,18692.0,7132.0,14909.0,112666.0,5964.0,26656.0,961.0,15442.0,56781.0,5771.0,77994.0,33581.0,111575.0,3947.0,18881.0,11580.0,7301.0,18881.0,3978.0,11580.0,16584.0,2167.0,7301.0,2124.0,35465.0,3271.0,9546.0,23038.0,51727.0,68.0,3585.0,4686.0,3.0,3.0,58102.0,4650.0,35.0,2054.0,22820.0,209.0,7291.0,11686.0,242.0,176.0,6995.0,66.0,976.0,3715.0,11928.0,6963.0,622.0,114.0,684.0,1042.0,193526.0,65786.0,61728.0,6710.0,0.5600038494851314,0.6141887816646562,0.8524590163934426,0.3494400366625612,0.3713952810952519,0.3195566409919218,0.354532759222623,0.4627153362680984,0.4928186327366832,0.4642364129045452,0.4738820148977924,0.5011082725974905,0.4674664416043726,0.5154057057829378,0.5376846148751573,0.5313084796511155,0.1817353689832334,0.0069315154813393,0.0743403140029008,0.1210668420506075,0.08989933210725,0.0168003580404172,0.0071151358344113,0.0068650778172173,0.5323840406034118,0.8572489601901366,0.1427510398098633,0.6805254263695962,0.3194745736304037,0.7213865271419229,0.2786134728580772,0.6888681170893622,0.3111318829106378,0.4163169164882227,0.3127524752475247,0.2594368056950943,0.27489122088559,0.288681204569055,0.5836830835117773,0.6872475247524753,0.7405631943049057,0.7251087791144101,0.711318795430945,0.0423725174449812,91.31292464003444,0.5837525150905433,15.769947197252064,15.769947197252064,14.955597273989625,14.955597273989625,0.3007563414519882,0.5922669528194122,0.673847547407597,0.5462302746931619,0.2151070486026162,0.3825863904752686,0.420378100986466,0.4511068943706515,0.3024012409621621,0.390866526663683,0.3975454322630344,0.6565816708503985,0.0482850881530797,0.3680465717981889,0.3706840390879479,0.9502050380785004,0.1334502808301537,0.3427078051254046,0.3450767841011743,0.8144775779649442,0.522428431888196,0.5600460232992953,0.1634565998972778,0.0372304455631527,0.384460141271443,0.8923884514435696,0.0917424299346307,0.366093366093366,0.8791946308724832,0.3136202877582188,0.5956301659511758,0.0517844224740776,0.3453628249902988,0.1621453259384294,0.3113149089106456,0.4824917104352216,0.3497328761661749,0.4795422488193254,0.5015099359682049,0.4739409067815554,0.1094258575548935,0.1301278469030485,0.0059566221107532,0.1440765672130277,0.2909571786184996,9.130037023842846,25.251972044797064,0.2819557114667836,2003,,,,,,,,,,0.3024428839877361,16.15291603289301
6897196.0,2378.0,216603.0,216603.0,59943.0,59943.0,28461.0,433206.0,34502.0,59233.0,7760.0,14110.0,8945.0,15517.0,14902.0,39468.0,21529.0,55609.0,3607.0,9564.0,384.0,1002.0,997.0,2706.0,8715.0,25929.0,905.0,2535.0,2325.0,8007.0,70933.0,154310.0,12322.0,35493.0,43268.0,222100.0,222100.0,11094.0,22876.0,1289.0,3537.0,5950.0,32005.0,17150.0,37734.0,3322.0,10713.0,18580.0,62846.0,80186.0,61680.0,31695.0,5271.0,12664.0,18.0,534.0,25377.0,8697.0,11745.0,277.0,40093.0,10565.0,50658.0,7110.0,3455.0,18973.0,6673.0,14447.0,111881.0,6260.0,26387.0,994.0,15553.0,55927.0,5967.0,77447.0,33641.0,111088.0,3940.0,18858.0,11695.0,7163.0,18858.0,4117.0,11695.0,16746.0,1541.0,7163.0,1785.0,35604.0,3500.0,9286.0,23127.0,51002.0,83.0,3376.0,4714.0,,,57562.0,4529.0,38.0,1720.0,22864.0,255.0,6992.0,11745.0,277.0,191.0,7393.0,86.0,908.0,3444.0,12022.0,6952.0,602.0,104.0,653.0,765.0,190095.0,62846.0,59943.0,6504.0,0.5652235207872217,0.6206250677234099,0.8574095114429475,0.3471670470233567,0.3644331354255018,0.3100905441986372,0.3519551474584513,0.4596785691141209,0.4849624060150376,0.4544972703662479,0.4710989815756337,0.4932230341119903,0.4568497533387,0.5124589615829336,0.5304517030335285,0.5220252910813024,0.1869991517520798,0.0078043557884653,0.0761130192469703,0.1248121823983252,0.087260565521435,0.01632829218292,0.0089920535340861,0.0073662694280535,0.529659588810246,0.8572044246516305,0.1427955753483694,0.6794348470491046,0.3205651529508953,0.7130151744372621,0.2869848255627378,0.6864694075503952,0.3135305924496048,0.4125637364878646,0.3158848482352456,0.2566680589533981,0.2836634904714142,0.2960245691861457,0.5874362635121354,0.6841151517647543,0.7433319410466018,0.7163365095285857,0.7039754308138543,0.0426536179794743,90.44496343151624,0.5782731658625853,15.92128456207901,15.92128456207901,15.084398646371472,15.084398646371472,0.3120762053286829,0.5824793611669171,0.6655478395061728,0.549910150136224,0.2079419187262582,0.3775717036586601,0.4136686653342216,0.447792242651993,0.292982724192979,0.3871495621212393,0.3935759858137876,0.6710483533838079,0.0503890876329668,0.3771434546214973,0.3805655201519308,0.9578597172165234,0.1366100641191129,0.33611014693972,0.3386043981661357,0.8158347676419966,0.5342066406693674,0.5499645641389086,0.1627577319587629,0.0379358649150039,0.3832335329341317,0.8932291666666666,0.0959754666262825,0.3570019723865877,0.8961325966850828,0.3202881499370446,0.5764645227814655,0.0558548516936033,0.3684405025868441,0.1652733915412719,0.2903709254402398,0.4990753570807626,0.342711904480435,0.4822604581557432,0.5057676295533876,0.4758086201135983,0.1109596601953396,0.1324336065336384,0.0071408569028283,0.1441017559657811,0.2829626294461954,8.900848940444561,25.279891809652607,0.2767413193723078,2004,529.0,,,,,,,,,0.3032723402685943,16.40032340015315
7139958.0,2460.0,226220.0,226220.0,68416.0,68416.0,29413.0,452440.0,36920.0,63031.0,8335.0,15069.0,10391.0,17927.0,14390.0,37193.0,23348.0,58654.0,4159.0,10850.0,439.0,1116.0,1247.0,3400.0,9618.0,27898.0,905.0,2561.0,2895.0,9347.0,74658.0,158878.0,13777.0,38748.0,48462.0,239109.0,239109.0,11674.0,23553.0,1344.0,3677.0,6436.0,33816.0,19849.0,42515.0,4142.0,12747.0,22291.0,74415.0,81166.0,68150.0,35277.0,6054.0,13526.0,9.0,572.0,27317.0,9609.0,11691.0,272.0,40583.0,11759.0,52342.0,7789.0,3970.0,19553.0,6070.0,14960.0,116443.0,6706.0,26874.0,1100.0,16735.0,56270.0,6557.0,79562.0,34680.0,114242.0,3989.0,18488.0,11659.0,6829.0,18488.0,3939.0,11659.0,17185.0,1618.0,6829.0,2131.0,35673.0,3403.0,10006.0,25686.0,55668.0,68.0,3542.0,5035.0,6.0,6.0,64094.0,5288.0,55.0,1815.0,25407.0,262.0,8062.0,11691.0,272.0,193.0,7753.0,79.0,837.0,3101.0,11963.0,6889.0,714.0,156.0,740.0,744.0,205293.0,74415.0,68416.0,7566.0,0.5435854161643762,0.5977317917372413,0.8535239892574581,0.355553835036647,0.3655153657873266,0.324939201380717,0.3606454316848281,0.4699077279421946,0.4956481127669511,0.4668705162883688,0.4823429103458047,0.5027543150936468,0.47160797654808,0.5257284946950189,0.539962200083288,0.5379849921470536,0.1960673190774493,0.0070197171466914,0.0735847631516006,0.1230029667941171,0.0833759040679697,0.0142701265045862,0.0072811059907834,0.0069180586421965,0.5182631121576542,0.8563406033694658,0.1436593966305341,0.676777638795343,0.3232223612046569,0.7139200546051789,0.286079945394821,0.6849462870009851,0.3150537129990148,0.4172328597899938,0.316156236129605,0.2576490924805532,0.2755980293227281,0.3128601759175007,0.5827671402100062,0.683843763870395,0.7423509075194469,0.724401970677272,0.6871398240824993,0.0420425801011804,91.24894011981584,0.5758588982696649,15.78099195473433,15.781018477588187,14.97399876226682,14.97399876226682,0.3189408276238956,0.5857435230283511,0.6678968124751258,0.5296045503791983,0.1881989211945796,0.3869007608958675,0.4220931596855567,0.4218207088255733,0.2967929321040753,0.3980632181948375,0.4038258643651521,0.6407401062189481,0.0549016829769362,0.3833179723502304,0.3861294215950236,0.9545563837460928,0.141165636100513,0.3447558964800344,0.3471575527883053,0.8098357246828862,0.5533969886154976,0.553122304067954,0.1602879424115177,0.040984208593463,0.3933691756272401,0.917995444191344,0.0940506793977231,0.3533775868801249,0.8519337016574585,0.3244001302884441,0.5796284933340771,0.0615250986211139,0.3667647058823529,0.1691397343563389,0.3097250454691345,0.515008146701345,0.3517589779258337,0.483245714046245,0.5081504165205192,0.477167716340874,0.1177736382322713,0.141940926384241,0.0067257091515851,0.1414250404627178,0.3112178964405355,8.90519644003575,25.254818313203263,0.3024312616037485,2005,545.0,,,,,,,,,0.32431967453675126,15.727424116600469
7146600.0,2460.0,224956.0,224956.0,67215.0,67215.0,27786.0,449912.0,37261.0,62887.0,7943.0,14023.0,10471.0,17830.0,13853.0,35077.0,22966.0,57036.0,4302.0,11064.0,372.0,998.0,1298.0,3520.0,9784.0,28249.0,936.0,2539.0,2853.0,9318.0,74080.0,155000.0,14086.0,39313.0,48224.0,238642.0,238642.0,11101.0,21794.0,1308.0,3537.0,6115.0,32241.0,19363.0,40811.0,4151.0,12838.0,21779.0,72958.0,77444.0,70716.0,35967.0,6291.0,12318.0,14.0,583.0,27652.0,9770.0,11310.0,248.0,38722.0,11989.0,50711.0,7867.0,4122.0,18889.0,5534.0,14299.0,113411.0,6470.0,24920.0,1133.0,17215.0,54975.0,6897.0,79087.0,32523.0,111610.0,3811.0,17630.0,10738.0,6892.0,17630.0,3641.0,10738.0,17824.0,1536.0,6892.0,2731.0,35454.0,3333.0,9919.0,26022.0,55986.0,69.0,3248.0,5305.0,55780.0,5286.0,64701.0,5613.0,49.0,1899.0,25711.0,308.0,8103.0,11310.0,248.0,171.0,7749.0,77.0,753.0,2808.0,11558.0,6746.0,637.0,166.0,825.0,1022.0,206401.0,72958.0,67215.0,7479.0,0.5227051835853131,0.5701035025986072,0.851128780349283,0.3583038689492026,0.36980491942324,0.3233369683751363,0.3633359153111283,0.4779354838709677,0.5093603744149766,0.4744554164318443,0.4899775105113914,0.515692234811101,0.4769799996272065,0.5322144065932586,0.5518123155076543,0.541200262678726,0.2023179097641434,0.0063083458397985,0.0729677419354838,0.1232210154721961,0.0800524560253157,0.0132021880917315,0.0069595083152566,0.0060533116216503,0.4972640604727252,0.8589041095890411,0.1410958904109589,0.6880906189373552,0.3119093810626447,0.7268313278446275,0.2731686721553726,0.696949217995752,0.3030507820042479,0.4080588675087553,0.3033686420459967,0.244362247941773,0.2688159437280187,0.284377358490566,0.5919411324912447,0.6966313579540032,0.7556377520582269,0.7311840562719812,0.715622641509434,0.0413076231045209,90.65475610779951,0.5836649939435888,15.884439623748644,15.884439623748644,15.0917912836288,15.0917912836288,0.3236376361849181,0.5925071954457997,0.6757771409916936,0.5069375486433536,0.1805180301884073,0.3949311514667731,0.4292974681582943,0.3994802569840467,0.2935264238625311,0.4026579704046567,0.4080450580104117,0.6226160411042411,0.056939062234642,0.3888286334056399,0.3915536543187403,0.9581589958158996,0.1453788475295013,0.3463485433112676,0.3484578673694707,0.804067865903516,0.5535904622794204,0.5664265848962419,0.1668135465189475,0.0393983656389404,0.3727454909819639,0.922043010752688,0.100232916189649,0.3686490744387554,0.8739316239316239,0.3323454304833268,0.5872686483454851,0.0656116609815653,0.36875,0.173684504836996,0.3061815840309079,0.5259555459490616,0.3533198322002025,0.4828821372294752,0.5058769946053379,0.4770586021910886,0.121204639679508,0.1468377708483249,0.007783281107854,0.135101951877708,0.3057215410531256,8.820602580645161,25.28792765751787,0.2987917637226835,2006,608.0,3240.0,7465.0,,,,,,,0.3329730898087107,15.707596798829519
7149000.0,2460.0,228056.0,228056.0,64609.0,64609.0,27662.0,456112.0,38671.0,64388.0,8083.0,14217.0,10405.0,17325.0,13940.0,34624.0,22323.0,55389.0,4491.0,11704.0,411.0,1046.0,1195.0,3302.0,10435.0,29967.0,980.0,2552.0,2945.0,9458.0,74934.0,154401.0,14926.0,41671.0,48253.0,242899.0,242899.0,11153.0,21578.0,1391.0,3598.0,6002.0,32481.0,18780.0,38697.0,4140.0,12760.0,20627.0,70607.0,78954.0,70914.0,38664.0,6114.0,12736.0,15.0,594.0,29358.0,10420.0,11083.0,246.0,39477.0,12888.0,52365.0,8583.0,4305.0,20501.0,5500.0,13476.0,117618.0,6834.0,24348.0,1059.0,18307.0,54140.0,6835.0,79282.0,32241.0,111523.0,3819.0,17805.0,10809.0,6996.0,17805.0,3591.0,10809.0,19423.0,1444.0,6996.0,3924.0,37228.0,3313.0,9834.0,26502.0,54665.0,76.0,3271.0,5400.0,54631.0,5400.0,64149.0,5982.0,77.0,2163.0,26127.0,370.0,7428.0,11083.0,246.0,172.0,7680.0,74.0,666.0,2737.0,11329.0,6519.0,659.0,160.0,1093.0,1152.0,210418.0,70607.0,64609.0,6797.0,0.5268236047721996,0.5757518303532363,0.863459734691143,0.3581867485781478,0.386603668704836,0.3244514106583072,0.3630011928816612,0.4853206909281675,0.5168690332746315,0.4853089386774168,0.4963635807254478,0.5258778201461709,0.4856482111277377,0.5384369780921505,0.5610745233968805,0.5486868244458697,0.2125290709535272,0.005903386047851,0.0717806231824923,0.1192768838914083,0.0790492144177449,0.0120240480961923,0.0063226247436773,0.0057396469449728,0.4782690448049855,0.8658474790980492,0.1341525209019508,0.6897869738049128,0.3102130261950871,0.7281731036951593,0.2718268963048407,0.6990996728714935,0.3009003271285065,0.4105089667621551,0.2962456003128666,0.2404682171495284,0.2674083914535591,0.2831095406360424,0.5894910332378448,0.7037543996871334,0.7595317828504716,0.7325916085464408,0.7168904593639576,0.0412789000940367,91.87316827528326,0.5754258981375232,15.673781878135197,15.673781878135197,14.898384607289438,14.898384607289438,0.3283895711779346,0.6005932782506057,0.6819320025393243,0.5301388637480282,0.1765881920927006,0.4026109057301293,0.437168752156051,0.3945480631276901,0.2824931657758374,0.4030222607376916,0.4079271969738501,0.603682300766026,0.0596923579093394,0.383714969241285,0.3861564918314703,0.9585838343353372,0.1528367130441878,0.3482163713418093,0.3502265480785366,0.82252036415908,0.5647044804575786,0.5685447000070338,0.173450451565013,0.0415475055608516,0.392925430210325,0.9172749391727494,0.1013663806800127,0.384012539184953,0.8653061224489796,0.3366888858658686,0.6005772005772005,0.0641700837592553,0.3619018776499091,0.1838039528149717,0.3113766123916261,0.5409186421314619,0.3549288098644322,0.4883906727155425,0.5095918414693089,0.4808202600621632,0.1223823379982448,0.149685469732907,0.0088170813077876,0.1337222466951284,0.2906846055356341,8.645841672009897,25.304492332797388,0.2833032237696004,2007,610.0,3271.0,6797.0,,,,,,,0.32717063119670325,16.236592642784146
7129200.0,2460.0,228810.0,228810.0,60472.0,60472.0,27791.0,457620.0,38410.0,64029.0,8056.0,14258.0,9536.0,15965.0,14036.0,35226.0,23099.0,56702.0,4811.0,12174.0,424.0,1085.0,1276.0,3322.0,11313.0,32370.0,1019.0,2821.0,2989.0,9646.0,75545.0,155957.0,16124.0,44544.0,46349.0,245811.0,245811.0,11191.0,21810.0,1443.0,3906.0,5790.0,32501.0,17500.0,36200.0,4265.0,12968.0,18700.0,66495.0,79062.0,72028.0,41925.0,6447.0,12098.0,15.0,669.0,31686.0,11298.0,11385.0,266.0,39531.0,13975.0,53506.0,9334.0,4641.0,20502.0,5462.0,13567.0,120987.0,6961.0,24539.0,961.0,19730.0,54949.0,6493.0,81172.0,32461.0,113633.0,3806.0,17896.0,10939.0,6957.0,17896.0,3612.0,10939.0,16823.0,1619.0,6957.0,2771.0,34719.0,3144.0,8730.0,26100.0,51709.0,77.0,2952.0,4449.0,51639.0,4449.0,61363.0,5486.0,72.0,1733.0,25714.0,382.0,6392.0,11385.0,266.0,193.0,7898.0,73.0,701.0,2786.0,11651.0,6697.0,714.0,143.0,798.0,902.0,213310.0,66495.0,60472.0,5887.0,0.5232775167118936,0.5688241049844596,0.8667204167700322,0.3619791666666667,0.369431643625192,0.3288864898210981,0.3671566951566951,0.4843963400167995,0.5131132508023842,0.4834254143646408,0.4974089904788504,0.5193459324933893,0.4860376667751383,0.5373365987926009,0.5537527782526928,0.5465554270609615,0.2221634804813941,0.0059716235632183,0.0730008912713119,0.1233503568695434,0.0790893090331005,0.0123628796162392,0.0059963857401018,0.0059623107815878,0.5154526340044356,0.8710759323852965,0.1289240676147035,0.6912867351046699,0.3087132648953301,0.7392004795623993,0.2607995204376007,0.7033311671799508,0.2966688328200492,0.4059990552668871,0.3084000762776506,0.2342636220852966,0.2540646223502778,0.278842177808408,0.5940009447331129,0.6915999237223494,0.7657363779147034,0.7459353776497222,0.721157822191592,0.0401671697237056,92.4329237502104,0.5748004463136211,15.57886456011538,15.57886456011538,14.79053363052314,14.79053363052314,0.3193450406731138,0.5998844273688485,0.6842921024033065,0.5337672481124707,0.1756898968084947,0.3984556861409186,0.432675709001233,0.3891422057566258,0.2828015820369973,0.4073754012204155,0.4124747772361208,0.5873414433525261,0.0607179016563508,0.395186462953836,0.397570448723246,0.9646643109540636,0.1614455788250432,0.3494902687673772,0.351586536967399,0.8250685052594361,0.554440815056774,0.5650161312947117,0.1808589870903674,0.0421916316689998,0.3907834101382488,0.9268867924528302,0.1096982423393996,0.3612194257355547,0.8930323846908734,0.3247030589000976,0.5973066082054495,0.0675642694435405,0.3841059602649007,0.1961845102505695,0.3098693759071118,0.541508521154508,0.3565612573376254,0.492103876809779,0.5137351550995202,0.4842516343038732,0.1180606137378471,0.1459488605726934,0.0085165202657511,0.1322194694297651,0.2705127109852692,8.841224183589068,25.36376391882184,0.2642891482015646,2008,631.0,2952.0,5887.0,,,,,,,0.3060483488860405,15.111069560276103
7135800.0,2460.0,227282.0,227282.0,61610.0,61610.0,27530.0,454564.0,38762.0,65028.0,8204.0,14341.0,9999.0,16822.0,14013.0,34889.0,22183.0,54554.0,5006.0,12710.0,419.0,1121.0,1333.0,3465.0,11346.0,31873.0,1014.0,2751.0,3061.0,9582.0,74958.0,154471.0,16352.0,44583.0,46907.0,245879.0,245879.0,11232.0,21746.0,1433.0,3872.0,5636.0,32399.0,18080.0,37450.0,4394.0,13047.0,19190.0,68532.0,75116.0,74800.0,42141.0,6915.0,12282.0,21.0,657.0,31195.0,11325.0,11535.0,282.0,37558.0,14047.0,51605.0,9218.0,4829.0,20000.0,5075.0,12483.0,117257.0,7072.0,24148.0,884.0,19526.0,54336.0,5985.0,79847.0,32104.0,111951.0,3946.0,17883.0,10912.0,6971.0,17883.0,3636.0,10912.0,16649.0,1847.0,6971.0,2780.0,34532.0,3044.0,8683.0,25747.0,51765.0,73.0,2913.0,4355.0,51693.0,4355.0,60848.0,5558.0,74.0,1767.0,25357.0,393.0,6495.0,11535.0,282.0,196.0,8135.0,86.0,704.0,2696.0,11817.0,6700.0,601.0,142.0,656.0,880.0,213480.0,68532.0,61610.0,5947.0,0.5010539235305104,0.5457663077437261,0.8590386497064579,0.36677657403046,0.3700929752066115,0.3367824020847704,0.3717843646132131,0.4852561322189925,0.5165087832245011,0.4827770360480641,0.4997940257417585,0.5223475681161683,0.4885636770501217,0.5414969844948531,0.5565166448411331,0.5511915554979925,0.2239743989068293,0.0063252809366799,0.0746742106932692,0.1250999569416251,0.0772736392559259,0.0129046449389595,0.0067663257277734,0.0061494054528911,0.51786748523109,0.8713058669384189,0.128694133061581,0.6923194536466031,0.3076805463533968,0.7341153470185728,0.2658846529814271,0.7028986886431549,0.2971013113568451,0.4081499404693321,0.3033065063512072,0.228308349831872,0.2587839259415106,0.2836804640126549,0.5918500595306679,0.6966934936487927,0.771691650168128,0.7412160740584893,0.7163195359873451,0.0422041113178891,91.7307323635752,0.566979774900567,15.698119516723718,15.698119516723718,14.928401721209775,14.928401721209775,0.3266852210957831,0.5960816878882943,0.6813140456646688,0.5159692482328053,0.1752740462387091,0.4016452176903895,0.4352809616997484,0.3621637051309498,0.2740663337586785,0.4066246288081533,0.4119405756731662,0.5627282153000045,0.0638520200548594,0.3938630999213218,0.3965462610899873,0.964642429085098,0.1601223788519698,0.355975276880118,0.358177857751681,0.8124449145073154,0.5598017019283317,0.5720661041768357,0.1694295465626523,0.043758294948864,0.3737734165923282,0.9069212410501192,0.107385432118042,0.3685932388222465,0.8717948717948718,0.333128700714894,0.5944001902270836,0.0686179376992692,0.3847041847041847,0.189753846763174,0.3194531413066165,0.5506596200026124,0.363038948549447,0.4979088621742312,0.5193390250923571,0.4902138539219821,0.117487635281879,0.1455041028289436,0.0087523941027125,0.1317680647798307,0.2787224610479138,8.639015090211107,25.35373124285041,0.2710729402240389,2009,649.0,2913.0,5947.0,,,,,,,0.30568589427994414,15.12868583188846
7134000.0,2460.0,229272.0,229272.0,60987.0,60987.0,27537.0,458544.0,40408.0,66657.0,8574.0,14914.0,10196.0,16906.0,14988.0,36249.0,21512.0,53461.0,4650.0,11886.0,436.0,1088.0,1185.0,3130.0,11172.0,32736.0,958.0,2702.0,2988.0,9812.0,76908.0,156367.0,15822.0,44622.0,45818.0,247100.0,247100.0,11530.0,22080.0,1394.0,3790.0,5558.0,32800.0,18223.0,37093.0,4173.0,12942.0,17929.0,66894.0,77712.0,76104.0,40206.0,7260.0,13222.0,19.0,654.0,32063.0,11153.0,11711.0,236.0,38856.0,13402.0,52258.0,8961.0,4441.0,21064.0,5645.0,12147.0,117918.0,6905.0,24315.0,897.0,20220.0,54113.0,6317.0,80650.0,32117.0,112767.0,3638.0,17759.0,10973.0,6786.0,17759.0,3735.0,10973.0,17229.0,1749.0,6786.0,2811.0,34988.0,2882.0,8789.0,26017.0,51309.0,97.0,3009.0,4544.0,51238.0,4544.0,60371.0,5742.0,73.0,1710.0,25576.0,443.0,6090.0,11711.0,236.0,164.0,8170.0,72.0,677.0,2864.0,11947.0,6814.0,612.0,146.0,794.0,940.0,214300.0,66894.0,60987.0,5545.0,0.5052270244968013,0.5527405152424713,0.8470484136013147,0.354578459056071,0.3678100263852242,0.3224385720908669,0.3594204876273653,0.4918429080304667,0.5221920289855072,0.4912786779176664,0.5007288956112026,0.5265172013915732,0.4893074847606675,0.5405485672047623,0.5592965168001095,0.546661514937275,0.2220121499186522,0.0052888709605127,0.0748943191338325,0.1225677723269874,0.0790090761124444,0.0126634368979255,0.006057546693589,0.0050097751710654,0.5075740253801303,0.8756584419184918,0.1243415580815081,0.6899704187280054,0.3100295812719947,0.7454377880184332,0.2545622119815668,0.7042244180648584,0.2957755819351416,0.408345180005379,0.3091246785408134,0.2291500812024328,0.246975302469753,0.2758669100098273,0.591654819994621,0.6908753214591866,0.7708499187975671,0.7530246975302469,0.7241330899901727,0.0387693553715485,92.55724137931034,0.5703523897212689,15.55794427579469,15.557935552531491,14.824884852925782,14.824867406399386,0.3316450153988526,0.6062079001455211,0.6908885735291603,0.5212829142744011,0.1803531536551751,0.4134734751303484,0.4489441365882881,0.3766346410461703,0.2659896810273199,0.4023867866295056,0.4075477417399212,0.5646615842320565,0.059137564742349,0.3912165572942958,0.393600812595226,0.9550537634408602,0.1628745851763031,0.3412756598240469,0.3429939825617094,0.8020945220193341,0.5764978739853112,0.5748960708059542,0.1634009797060881,0.0420564360262852,0.4007352941176471,0.8967889908256881,0.1044453034402783,0.3545521835677276,0.8778705636743215,0.337883481562906,0.6030994913048622,0.0625562106525432,0.3785942492012779,0.1961027280903367,0.3045250713412148,0.553657165317505,0.3478464273461622,0.5025976092561685,0.5258192765417,0.4961468369041352,0.1176303047564796,0.1451524111667924,0.0098461948790896,0.1327397814649939,0.2707163091865641,8.463939961756635,25.364732643090857,0.2660028263372762,2010,671.0,3009.0,5545.0,,,,,,,0.30036967197209796,15.184232284903208
7140600.0,2460.0,227853.0,227853.0,59120.0,59120.0,27592.0,455706.0,38913.0,62674.0,8346.0,14271.0,9368.0,15254.0,15541.0,40239.0,21284.0,52564.0,4862.0,12329.0,435.0,1119.0,1252.0,3228.0,11024.0,31984.0,916.0,2675.0,2905.0,9355.0,75738.0,155477.0,15886.0,44313.0,45760.0,244894.0,244894.0,11389.0,21928.0,1351.0,3794.0,5520.0,32351.0,17307.0,35792.0,4157.0,12583.0,17596.0,64681.0,78452.0,73024.0,40983.0,6675.0,12794.0,21.0,624.0,31339.0,11003.0,11651.0,315.0,39226.0,13661.0,52887.0,8968.0,4693.0,20531.0,5967.0,12728.0,119435.0,6800.0,24482.0,826.0,19966.0,54197.0,6202.0,80365.0,32108.0,112473.0,3757.0,18020.0,11037.0,6983.0,18020.0,3576.0,11037.0,17046.0,1836.0,6983.0,2580.0,35066.0,2983.0,8598.0,25437.0,50953.0,75.0,3032.0,3147.0,50897.0,3147.0,59930.0,5558.0,85.0,1959.0,24875.0,571.0,6171.0,11651.0,315.0,210.0,6980.0,105.0,691.0,3980.0,11966.0,6731.0,648.0,147.0,850.0,1008.0,212543.0,63888.0,58644.0,5048.0,0.5179170297604901,0.5656970623440677,0.8599395694322045,0.3584952497009906,0.3560885608856088,0.3303663673209886,0.3631348852113804,0.487133145095416,0.5193816125501641,0.483543808672329,0.4983582761899995,0.5215574216623902,0.4866666666666667,0.5388082245176379,0.5540039163145419,0.546000339673913,0.2217978877821712,0.0071085234581274,0.0749371289644127,0.1113699460701407,0.0989090186137826,0.0131458793090327,0.0085165057993349,0.0065657828914457,0.5138880967318771,0.8824701195219123,0.1175298804780876,0.6888369196354809,0.3111630803645191,0.7459463498468206,0.2540536501531794,0.7033334913936176,0.2966665086063825,0.408471626840966,0.3206673225118872,0.228988998112102,0.2468849758006384,0.2730119825708061,0.591528373159034,0.6793326774881128,0.771011001887898,0.7531150241993615,0.726988017429194,0.0400836454032369,91.89936980085707,0.5625104462644158,15.66931310976814,15.66931310976814,14.92381491575709,14.92381491575709,0.3136993843535712,0.6208794715512015,0.6986928573993608,0.5276128800143911,0.2014064768006406,0.3862173513258282,0.4286108276565818,0.3839521266327778,0.2630962510636168,0.4049159120310479,0.4103097950764366,0.598007893253148,0.0617097952850493,0.3943547732987266,0.3977421465968586,0.96524064171123,0.1600880924971219,0.344672336168084,0.3469503367533203,0.8134978229317852,0.5548168882668533,0.5848223670380492,0.1592379583033788,0.043503615581992,0.388739946380697,0.9149425287356322,0.1039965788041365,0.3424299065420561,0.8700873362445415,0.315328165374677,0.6141339976399632,0.0667286821705426,0.3878562577447336,0.1933850129198966,0.310529128808124,0.5354972721357425,0.3510960783688056,0.5025950858857772,0.5338594081978002,0.4935207033459742,0.1158780106834006,0.1423103767863885,0.0127458202192013,0.1321020523165124,0.2641183532467108,9.00736829241624,25.309311037393083,0.2594655326021601,2011,647.0,3032.0,5048.0,1235.0,1726.0,1726.0,1235.0,,,0.29996496321137195,15.3048308900423
5748600.0,1980.0,182153.0,182153.0,43560.0,43560.0,22749.0,364306.0,31426.0,51882.0,6681.0,11944.0,7149.0,11765.0,11912.0,31474.0,16187.0,41474.0,3678.0,9784.0,321.0,869.0,815.0,2287.0,9015.0,26611.0,814.0,2333.0,2189.0,7126.0,59525.0,124830.0,12693.0,36395.0,33465.0,190594.0,190594.0,9254.0,18324.0,1135.0,3202.0,4269.0,26182.0,12563.0,26534.0,3004.0,9413.0,12275.0,46413.0,61664.0,57386.0,32103.0,5976.0,9930.0,13.0,406.0,26192.0,9002.0,9807.0,279.0,30832.0,10701.0,41533.0,7160.0,3541.0,16772.0,4604.0,9456.0,93767.0,5685.0,20392.0,726.0,16684.0,44055.0,4720.0,65459.0,26803.0,92262.0,3131.0,15198.0,9209.0,5989.0,15198.0,3268.0,9209.0,13666.0,1587.0,5989.0,1887.0,28864.0,2629.0,6535.0,18868.0,38742.0,49.0,2442.0,2410.0,38698.0,2410.0,44461.0,3834.0,67.0,1359.0,18516.0,354.0,4526.0,9807.0,279.0,199.0,6132.0,80.0,595.0,3080.0,10086.0,5674.0,553.0,145.0,509.0,649.0,164412.0,45854.0,43219.0,3706.0,0.5179672406551868,0.5651026392961876,0.8430631056487828,0.3487566973485368,0.3544659587757651,0.3191331137788165,0.3523298785740087,0.4768485139790114,0.5050207378301681,0.4734680033164996,0.4872972553884323,0.5089891294248815,0.4748379558794892,0.5243304559539619,0.5401431171409663,0.5315760381399848,0.2257404248720732,0.0076658881714521,0.0785628454698389,0.1181912802127905,0.0978585499142149,0.0143463374644355,0.008176614881439,0.0074781105557852,0.5265382483370288,0.866691149467499,0.1333088505325009,0.683584961286018,0.316415038713982,0.7458536367294023,0.2541463632705977,0.6996291006266127,0.3003708993733874,0.4077215127459198,0.3238021238021238,0.2361932343831704,0.2461811071734083,0.2758620689655172,0.5922784872540802,0.6761978761978762,0.7638067656168296,0.7538188928265918,0.7241379310344828,0.0406861152621662,91.25711303621752,0.5625619670830855,15.779591881550123,15.779591881550123,14.982284123786048,14.982284123786048,0.3217987284850364,0.6057206738367835,0.6869071038251366,0.533698211671864,0.19521786323461,0.3784711190188727,0.4195252518137635,0.3865010073875084,0.2572429834082803,0.3902927135072576,0.3959734827172876,0.5841724840921727,0.060685377577919,0.3759198691741619,0.3790189612530915,0.9627514953779228,0.1650550472941541,0.3387696817105708,0.3413221263062244,0.7942318358291736,0.5548638855337731,0.5593603482920295,0.1731776680137703,0.0403697853758245,0.3693901035673188,0.9221183800623052,0.1083805630400445,0.3489069867123874,0.8402948402948403,0.3272873953320165,0.6076498087547811,0.0636214426795003,0.3563620463489287,0.1982362923192477,0.3071849564973337,0.5475391533571097,0.3436927306047648,0.5081325279828679,0.5333264044943822,0.4998627189524077,0.1070978580428391,0.1327197660416308,0.0096505097868164,0.137370536323284,0.2435176343431587,8.842086838099815,25.25101524934744,0.2391396243817011,2012,558.0,2442.0,3706.0,1021.0,1265.0,1265.0,1021.0,,,0.2757698868041557,15.785716770202097
7133640.0,2458.0,227776.0,227776.0,55708.0,55708.0,28129.0,455552.0,39901.0,65879.0,8505.0,14799.0,9189.0,15238.0,14653.0,38269.0,19125.0,48394.0,5269.0,13518.0,477.0,1256.0,1235.0,3220.0,12334.0,35549.0,1125.0,3098.0,2868.0,9260.0,73679.0,152542.0,17603.0,49067.0,41056.0,241223.0,241223.0,11387.0,22040.0,1602.0,4354.0,5078.0,32658.0,16047.0,33292.0,4103.0,12480.0,15630.0,60033.0,78886.0,68472.0,44916.0,7893.0,12408.0,15.0,540.0,34994.0,12319.0,12276.0,346.0,39443.0,14972.0,54415.0,9886.0,5086.0,21869.0,6136.0,11438.0,123802.0,7707.0,24292.0,863.0,22130.0,53514.0,5746.0,81390.0,32862.0,114252.0,3725.0,19178.0,11888.0,7290.0,19178.0,4103.0,11888.0,16595.0,1895.0,7290.0,2430.0,35773.0,3244.0,8210.0,22991.0,48773.0,99.0,2923.0,2912.0,48679.0,2912.0,54527.0,4616.0,136.0,1410.0,22483.0,510.0,5815.0,12276.0,346.0,250.0,7969.0,96.0,671.0,3636.0,12622.0,7277.0,636.0,188.0,555.0,550.0,208565.0,59128.0,55139.0,4566.0,0.535335713025421,0.5845572434234901,0.8505368403113106,0.3587543562883404,0.3679375287092329,0.3287660256410256,0.362437405980176,0.4830079584638985,0.5166515426497278,0.4820076895350234,0.496423770764202,0.5224672274001667,0.4850454426286812,0.5319057009283673,0.5502448083741347,0.5396476964769648,0.2433770317793352,0.0070515825300099,0.0804761967195919,0.1209641919276248,0.0950116282108233,0.0138653552093234,0.0071016422547714,0.0070325466257841,0.5361026472479244,0.8694204872144046,0.1305795127855954,0.6877875742230676,0.3122124257769323,0.7416965512618561,0.2583034487381439,0.7027303215257843,0.2972696784742157,0.401615784976307,0.3155908213596397,0.2293964167681335,0.2517031854170503,0.2759768273141871,0.598384215023693,0.6844091786403603,0.7706035832318664,0.7482968145829497,0.7240231726858128,0.0390916055368405,91.95794573317409,0.5765330375534781,15.659331975273954,15.659331975273954,14.883152746558022,14.883152746558022,0.3267661661929775,0.6056710028992547,0.6890174408565015,0.548081501716749,0.189817914874832,0.3828947712247511,0.4230935812664222,0.4187538388043404,0.2400388871528553,0.3951936190436831,0.4007501623954906,0.5980653594771241,0.067050578099192,0.3897765941707353,0.3925644464312323,0.9652685519073828,0.1763264536801432,0.3469577203296858,0.3494149975919998,0.8015242419328685,0.5606956126392362,0.5747009933103588,0.1736625514403292,0.047586572705918,0.3797770700636942,0.9077568134171908,0.1173751610214442,0.3631375080697224,0.8631111111111112,0.3329109499257188,0.6030318939493372,0.0703486847854583,0.3835403726708074,0.2023070873022808,0.309719222462203,0.5701431979723127,0.3520317768760359,0.5084211361350898,0.529001395633929,0.5003444383053021,0.104584944280191,0.1319355198375672,0.0103153253372706,0.1353851000941038,0.2488693035075428,8.56892462403797,25.323630953594066,0.2445736161843214,2013,707.0,2923.0,4566.0,1264.0,1425.0,1425.0,1264.0,,,0.2704591560892619,15.654765957901182
7142400.0,2460.0,232644.0,232644.0,60245.0,60245.0,27774.0,465288.0,40061.0,65751.0,8321.0,14502.0,9762.0,16078.0,15363.0,39334.0,18301.0,46113.0,5275.0,13505.0,477.0,1260.0,1281.0,3377.0,13779.0,39469.0,1240.0,3318.0,3434.0,10839.0,73725.0,151198.0,19054.0,52974.0,43870.0,248482.0,248482.0,11017.0,21394.0,1717.0,4578.0,5254.0,32439.0,16910.0,34864.0,4715.0,14216.0,17646.0,65611.0,76362.0,71088.0,47850.0,9312.0,12148.0,20.0,586.0,38863.0,13759.0,11204.0,390.0,38181.0,15950.0,54131.0,10876.0,5074.0,21585.0,6290.0,10306.0,124212.0,8041.0,23401.0,924.0,24249.0,53111.0,6066.0,83426.0,32366.0,115792.0,3780.0,18895.0,11832.0,7063.0,18895.0,4114.0,11832.0,17147.0,1953.0,7063.0,2571.0,36042.0,3093.0,8828.0,24259.0,50922.0,79.0,3276.0,3299.0,50873.0,3299.0,58015.0,5051.0,155.0,1451.0,23561.0,710.0,6406.0,11204.0,390.0,269.0,7434.0,121.0,546.0,3224.0,11594.0,6682.0,579.0,179.0,498.0,594.0,216043.0,64588.0,59615.0,5078.0,0.517884028484232,0.5643819012283632,0.8370945733179385,0.3596858836410314,0.3750546089995631,0.3316685424873382,0.3633274795754753,0.487605656159473,0.5149574647097317,0.4850275355667737,0.5010775228728719,0.523352071461574,0.4886409942950285,0.5384117957002826,0.5531776691395166,0.5459736481289502,0.259457712125071,0.0073621021633254,0.0741015092792232,0.1130629191951453,0.0819647124625006,0.011840478823759,0.0089596445760829,0.0068154754364184,0.5242494867099495,0.8678111587982833,0.1321888412017167,0.6941525512337934,0.3058474487662066,0.7509755342211211,0.2490244657788789,0.7110163416113674,0.2889836583886325,0.3952702702702703,0.3097378751424591,0.2192947195322492,0.2433728960754311,0.2658774201504501,0.6047297297297297,0.6902621248575408,0.7807052804677508,0.7566271039245689,0.7341225798495499,0.0388054491884733,93.80806451612904,0.5763325858202518,15.35049259813277,15.35049259813277,14.609854541703204,14.609854541703204,0.3220373018827263,0.6092835089960609,0.686952346657064,0.5388033249294826,0.1926512940070137,0.390578125794478,0.4254500138465799,0.4094252424656642,0.2258536919851889,0.3968728991824431,0.4016283714091338,0.5631386263045736,0.0661452109006132,0.3905960755275823,0.3941273161984459,0.9618957345971564,0.1933125012244578,0.3491094276520813,0.3515051020408163,0.789317076710937,0.5583705529031264,0.5737829264928975,0.177743059728398,0.0485137840751578,0.3785714285714285,0.909853249475891,0.127752964731249,0.373719107896323,0.842741935483871,0.3275876120619397,0.6071650702823734,0.0688060309698451,0.3793307669529168,0.220843520782396,0.3168188947319863,0.5814950140077974,0.3540385456603968,0.5044760377432711,0.5268667586407202,0.4966658312189285,0.1087230163458566,0.1388325830249605,0.0132638382932615,0.1305486916557336,0.2640472951763105,8.399671291948307,25.32682447993356,0.2589578927459982,2014,700.0,3276.0,5078.0,1557.0,1357.0,1357.0,1557.0,,,0.2841476794075583,15.443840075140997
7142400.0,2460.0,232388.0,232388.0,58931.0,58931.0,27931.0,464776.0,39656.0,65895.0,8288.0,14422.0,9628.0,15863.0,15387.0,39396.0,17944.0,45142.0,5537.0,14355.0,550.0,1418.0,1295.0,3439.0,13763.0,40782.0,1260.0,3658.0,3405.0,10986.0,72987.0,150433.0,19300.0,55137.0,42161.0,246035.0,246035.0,10932.0,21165.0,1810.0,5076.0,5309.0,32603.0,16670.0,34090.0,4700.0,14425.0,16659.0,64099.0,75844.0,70130.0,48840.0,9060.0,11990.0,14.0,540.0,40228.0,13749.0,11398.0,399.0,37922.0,16280.0,54202.0,11012.0,5268.0,21304.0,6418.0,10200.0,124684.0,8226.0,23371.0,912.0,25912.0,53095.0,6021.0,85028.0,32509.0,117537.0,3757.0,19031.0,12127.0,6904.0,19031.0,4162.0,12127.0,16281.0,1985.0,6904.0,2037.0,35312.0,2964.0,8362.0,23503.0,49729.0,84.0,3306.0,3038.0,49636.0,3038.0,56193.0,4715.0,137.0,1201.0,22790.0,737.0,6152.0,11398.0,399.0,273.0,7620.0,126.0,588.0,3190.0,11797.0,6723.0,553.0,157.0,424.0,400.0,213432.0,63107.0,58292.0,4804.0,0.5195719785715265,0.5660675901600191,0.8435233160621761,0.3500371801149863,0.3565799842395587,0.3258232235701906,0.3532428521713647,0.4851794486582066,0.5165131112686038,0.4889997066588442,0.4958748844675779,0.520064021950383,0.4889209522827991,0.5318971167159294,0.5508178954854879,0.5434390372602087,0.2682152064990027,0.0072365199412372,0.0757679498514288,0.1156385158206237,0.0809726875824956,0.0130255637765274,0.0087774294670846,0.0066941297631307,0.5389386044404169,0.8684552141929901,0.1315447858070099,0.6943608924227761,0.3056391075772238,0.7590368504306052,0.2409631495693948,0.714323170952226,0.285676829047774,0.3938088829071332,0.3024735577936033,0.2226711560044893,0.234365179132621,0.2603086846348768,0.6061911170928668,0.6975264422063967,0.7773288439955106,0.765634820867379,0.7396913153651232,0.0379372324097261,93.70483870967742,0.5698906501652963,15.367402791882542,15.367402791882542,14.6182332994819,14.6182332994819,0.3205477452935739,0.601805903331057,0.6804976404976405,0.5372200927980634,0.1916427494284185,0.3905726469692354,0.4249848091476551,0.417105348670956,0.2195942987790047,0.3975012183775641,0.4027472280827759,0.5684351315202854,0.0698302281461302,0.3857192615813305,0.3891348654157003,0.9514177352356872,0.1983849783528725,0.3374773184247952,0.3397516601249105,0.8001162537237521,0.5495979573949163,0.5746775759256691,0.1760376447876447,0.0540375747875462,0.38787023977433,0.8854545454545455,0.1394001752981974,0.3444505194095134,0.8547619047619047,0.3269710398845717,0.6069469835466179,0.0708852932082861,0.3765629543471939,0.2264454292486859,0.3099399235390497,0.5887629517925768,0.3417768718305657,0.5085020073420294,0.5313417871253735,0.5008202476496217,0.104916497580771,0.1352458043535025,0.0132228142885336,0.13251366675473,0.2605279736622838,8.26334514368523,25.29208879699657,0.2535888255847978,2015,711.0,3306.0,4804.0,1838.0,1335.0,1335.0,1838.0,,,0.2733521428223963,15.148998326540191
7138200.0,2460.0,236804.0,236804.0,60788.0,60788.0,26809.0,473608.0,40542.0,67196.0,7740.0,13676.0,9990.0,16420.0,15636.0,39314.0,16934.0,42298.0,5740.0,15215.0,563.0,1451.0,1315.0,3600.0,15213.0,44027.0,1355.0,3791.0,3731.0,11803.0,73112.0,148808.0,20953.0,59242.0,43489.0,252572.0,252572.0,10276.0,19893.0,1918.0,5242.0,5056.0,31362.0,16950.0,34320.0,5046.0,15403.0,17253.0,66291.0,74552.0,71672.0,52665.0,10194.0,10714.0,25.0,532.0,43470.0,15188.0,11814.0,379.0,37276.0,17555.0,54831.0,12088.0,5467.0,21871.0,6249.0,9156.0,127217.0,8233.0,22112.0,790.0,28408.0,52662.0,6118.0,87188.0,31135.0,118323.0,3886.0,19301.0,12526.0,6775.0,19301.0,4281.0,12526.0,16084.0,2086.0,6775.0,2076.0,35385.0,2827.0,8465.0,23872.0,49854.0,75.0,2954.0,2826.0,49760.0,2826.0,57463.0,4987.0,150.0,1434.0,23043.0,846.0,6397.0,11814.0,379.0,257.0,8041.0,122.0,569.0,3204.0,12193.0,6965.0,580.0,174.0,457.0,675.0,221210.0,65262.0,60155.0,4777.0,0.5098479045847467,0.5501586598774998,0.8378275187324011,0.3536848857229668,0.3658908813429988,0.3275985197688762,0.3564639754726622,0.491317671092952,0.5165636153420802,0.4938811188811189,0.5024825763037731,0.5232942112592003,0.493111839591336,0.5390524830723974,0.5532084143538978,0.547461789940092,0.2847488584474886,0.0063974882684581,0.0793908929627439,0.1196648610036311,0.0814976853029455,0.0134521726795593,0.008018402891883,0.0058373270947373,0.5454571145965804,0.8856398378691372,0.1143601621308627,0.7042822371412523,0.2957177628587477,0.7753063508092028,0.2246936491907972,0.7276399048602074,0.2723600951397926,0.3778357531760435,0.3005004063128181,0.2041691721787933,0.217408817928812,0.2460087860280724,0.6221642468239564,0.699499593687182,0.7958308278212066,0.7825911820711879,0.7539912139719276,0.0390725546975547,95.54166596620996,0.5712293939145411,15.071958243948584,15.071958243948584,14.379144777959832,14.379144777959832,0.3229800528719058,0.6033394844931246,0.68535204124757,0.5394652459178136,0.1889641913001682,0.3977209136694307,0.4330102464691221,0.3996546431312356,0.2033068973804374,0.400349898340347,0.4058089098708332,0.5406873745128145,0.0731314587839461,0.3772592836017088,0.3803087524017756,0.952439024390244,0.2116173996635424,0.3455379653394508,0.3475668265935572,0.7945835798330375,0.5441018500099463,0.5659549575899385,0.1758397932816537,0.0577282673562761,0.3880082701585113,0.905861456483126,0.1508255420728068,0.3574254814033236,0.862730627306273,0.3302294712708404,0.6084043848964678,0.0724011021056653,0.3652777777777777,0.2373750578203246,0.3161060747267644,0.6077289113193943,0.3493903841729929,0.5099323097714603,0.5326122722865745,0.5027015683839844,0.1053297589968342,0.1380944961165979,0.0141145850712402,0.124170533550829,0.2624637727063966,8.041368071609051,25.237296175010968,0.2567017449029577,2016,836.0,2954.0,4777.0,1760.0,1186.0,1186.0,1760.0,,,0.276198029319875,14.893697261748407
7132800.0,2460.0,237691.0,237691.0,60063.0,60063.0,26492.0,475382.0,41028.0,67091.0,7821.0,13412.0,9889.0,16119.0,15723.0,38266.0,15562.0,38336.0,6068.0,15667.0,585.0,1463.0,1406.0,3729.0,17680.0,50755.0,1468.0,4093.0,4265.0,13286.0,72313.0,143693.0,23748.0,66422.0,43883.0,259753.0,259753.0,10233.0,19294.0,2053.0,5556.0,4921.0,31546.0,16563.0,32803.0,5671.0,17015.0,16671.0,66810.0,71624.0,73002.0,59544.0,11700.0,11056.0,15.0,600.0,50140.0,17665.0,11228.0,441.0,35812.0,19848.0,55660.0,14047.0,5801.0,21929.0,6260.0,7623.0,131168.0,8938.0,20953.0,693.0,31984.0,49537.0,5672.0,87193.0,30584.0,117777.0,3839.0,18948.0,12371.0,6577.0,18948.0,4161.0,12371.0,15374.0,2065.0,6577.0,1894.0,34322.0,2722.0,8091.0,24332.0,48950.0,59.0,3104.0,2617.0,48888.0,2617.0,56849.0,5328.0,168.0,1370.0,23159.0,1214.0,5674.0,11228.0,441.0,319.0,7802.0,122.0,486.0,2940.0,11669.0,6706.0,514.0,136.0,328.0,561.0,228207.0,65861.0,59473.0,4389.0,0.4952359879966257,0.5362281949539567,0.8357756442647802,0.3575321429646804,0.3695104391648668,0.3332941522186306,0.3605633374859469,0.5032465047009945,0.530372136415466,0.504923330183215,0.5136948813744854,0.5357142857142857,0.5032217270865952,0.5510725882743985,0.5645074466176206,0.5577684231710999,0.3161221235989815,0.0066393664749631,0.0781388098237214,0.1162898153254534,0.0768306068049966,0.0126773789649415,0.0077870683602476,0.0062850950645256,0.5520657304352893,0.8911233307148468,0.1088766692851531,0.7027521634274365,0.2972478365725635,0.7815844777870095,0.2184155222129905,0.7317075359925322,0.2682924640074677,0.3838540055675843,0.2906005925127929,0.2036423841059602,0.2121934929873103,0.2390547526110349,0.6161459944324157,0.7093994074872071,0.7963576158940397,0.7878065070126896,0.7609452473889651,0.0384111261193656,95.9721399730821,0.5746850629874025,15.004354392888246,15.004354392888246,14.330668809504775,14.330668809504775,0.3193060942817028,0.6115276266563324,0.6920002023984213,0.5344886419030905,0.1821193156128786,0.4108869492499869,0.4450829417426258,0.3981428480569866,0.1824524665064369,0.4059369782971619,0.4111492734478203,0.4898470633594654,0.0745639292768245,0.3873109082785472,0.3903505950466387,0.9559986816084376,0.2415581943221569,0.3483400650182248,0.3505432627488302,0.7945135746606334,0.5397183098591549,0.5831345064121682,0.1754251374504539,0.0588732394366197,0.3998632946001367,0.9025641025641026,0.1647082494969819,0.3586611287564133,0.8583106267029973,0.3235577502107672,0.613499596749178,0.0748524629651933,0.3770447841244301,0.2666907543458188,0.3210146018365196,0.6354282178806844,0.3523135221380135,0.5133181582621,0.5310305568865463,0.5048331076960607,0.1064321305204134,0.143378073846611,0.0179791601820149,0.1214461430666825,0.2572058840513873,7.757164232078113,25.385525662064712,0.2526936232335259,2017,716.0,3104.0,4389.0,1955.0,1348.0,1348.0,1955.0,,,0.27056135925564573,14.36869187549735
7126200.0,2460.0,239376.0,239376.0,60329.0,60329.0,25810.0,478752.0,42093.0,66625.0,7656.0,12815.0,10074.0,15932.0,16128.0,40457.0,13407.0,33283.0,6165.0,15680.0,548.0,1431.0,1366.0,3585.0,19642.0,55661.0,1603.0,4419.0,4663.0,14355.0,71628.0,140365.0,25807.0,71341.0,40903.0,261580.0,261580.0,9843.0,18316.0,2151.0,5850.0,4528.0,30667.0,16308.0,31860.0,6029.0,17940.0,16096.0,66799.0,71464.0,71792.0,64293.0,13128.0,11156.0,9.0,602.0,55050.0,19633.0,11311.0,534.0,35732.0,21431.0,57163.0,15531.0,5900.0,22806.0,6569.0,6357.0,135757.0,9075.0,19814.0,684.0,34662.0,48057.0,5521.0,88240.0,29573.0,117813.0,3789.0,18978.0,12230.0,6748.0,18978.0,4288.0,12230.0,16076.0,2076.0,6748.0,2283.0,35054.0,2708.0,8398.0,22854.0,48836.0,51.0,2816.0,2516.0,48781.0,2516.0,53325.0,5300.0,264.0,1288.0,21659.0,1175.0,5587.0,11311.0,534.0,404.0,6960.0,130.0,559.0,3792.0,11845.0,6918.0,554.0,150.0,293.0,438.0,230913.0,65969.0,59786.0,4611.0,0.4988551962919528,0.5409841029523088,0.8304336032859302,0.3617414950729594,0.3676923076923077,0.3360646599777034,0.3646927437481446,0.5102981512485306,0.5373989954138458,0.511864406779661,0.521187401396276,0.5408218157742283,0.509066265060241,0.5553454722185511,0.5696254374860377,0.5601967257293,0.3369814743087111,0.0074851768267896,0.0805827663591351,0.1044652908067542,0.0937291445238154,0.0167953609951026,0.0082908163265306,0.0072582238910547,0.5413932789410624,0.8897663174858985,0.1102336825141015,0.7080638269658617,0.2919361730341382,0.7925097743329447,0.2074902256670553,0.741156547917712,0.258843452082288,0.3664187995563042,0.2974017875701517,0.1920924261874197,0.2021883366313584,0.2269284113944308,0.6335812004436958,0.7025982124298482,0.8079075738125803,0.7978116633686416,0.7730715886055692,0.0378922735364121,96.74200555695884,0.5840439003799072,14.884950872267895,14.884950872267895,14.280859401109552,14.280859401109552,0.31470529885785,0.6317898686679174,0.70548898013911,0.541800299337182,0.1910999215893739,0.398645475443063,0.4398745397518069,0.4073040674603174,0.1572133052440648,0.4028182555659045,0.4096993032636597,0.4741552920116357,0.07406497690193,0.3931760204081632,0.3964630225080386,0.957015409570154,0.2629164974067811,0.3528862219507375,0.3554662757659663,0.790703594338662,0.5302904907721593,0.5974248927038627,0.1809038662486938,0.0592154266324588,0.3829489867225716,0.9032846715328468,0.1828602168335678,0.3627517537904503,0.8721147847785402,0.3199196787148594,0.6323123273914135,0.0719879518072289,0.3810320781032078,0.2882530120481927,0.3248345524207593,0.6516867731665612,0.3566394187102634,0.5105651466956154,0.5501661567081298,0.5045182927820802,0.0997104462098151,0.1381983614507031,0.0162216778086893,0.117237556388103,0.2553673828274332,7.577319844690628,25.60061957694949,0.2520261011964441,2018,834.0,2816.0,4611.0,1163.0,1507.0,1507.0,1162.0,,,0.2518823273785344,14.566382713484312
7131960.0,2460.0,246529.0,246529.0,66695.0,66695.0,27220.0,493058.0,45489.0,72181.0,8191.0,13851.0,11514.0,18446.0,16755.0,41605.0,10863.0,26929.0,6867.0,17971.0,718.0,1848.0,1673.0,4617.0,21088.0,60771.0,1692.0,4829.0,5347.0,16327.0,73107.0,140715.0,27955.0,78742.0,43494.0,273573.0,273573.0,10285.0,19092.0,2410.0,6677.0,4845.0,32645.0,17830.0,34555.0,7020.0,20944.0,18138.0,74858.0,74954.0,71260.0,69018.0,14847.0,12096.0,17.0,525.0,60229.0,21071.0,11559.0,626.0,37477.0,23006.0,60483.0,16477.0,6529.0,25256.0,7118.0,5103.0,143972.0,10140.0,20475.0,756.0,38896.0,46329.0,5747.0,90972.0,31371.0,122343.0,4446.0,18779.0,12373.0,6406.0,18779.0,4058.0,12373.0,15840.0,1958.0,6406.0,2215.0,34619.0,2813.0,8799.0,23922.0,51425.0,59.0,2998.0,3136.0,51396.0,3136.0,56758.0,5548.0,291.0,1415.0,22721.0,1228.0,6267.0,11559.0,626.0,442.0,7264.0,184.0,457.0,3838.0,12185.0,6980.0,581.0,156.0,316.0,461.0,240928.0,73920.0,66097.0,5188.0,0.5126321692861149,0.5588660731594566,0.8229654802360937,0.3550201925274948,0.3609405421596525,0.3351795263559969,0.3571857780277944,0.519539494723377,0.5387073119631259,0.515989003038634,0.5242006406722046,0.5394078155923785,0.5110001982017695,0.5586156975647366,0.5692415239426774,0.5623434245872446,0.3588037747713675,0.0079500139696731,0.0821447606864939,0.1006359014144996,0.0922485278211753,0.0169705521928032,0.0102387179344499,0.0072732059699527,0.5424477887865046,0.883745963401507,0.116254036598493,0.6935063768636609,0.3064936231363391,0.7932131495227995,0.2067868504772004,0.7357130524861878,0.2642869475138121,0.378000378000378,0.3056910569105691,0.1876309606959172,0.1982720134457312,0.2363785707766724,0.621999621999622,0.6943089430894309,0.8123690393040828,0.8017279865542688,0.7636214292233275,0.0428047406779824,99.5523698955126,0.5728354534263439,14.464748569133857,14.464748569133857,13.902092654413885,13.902092654413885,0.3289072574581809,0.6302073952979316,0.7007255418457415,0.5552111499483392,0.1895815581184469,0.4027160197091696,0.4436412741282071,0.4248284094300208,0.1227074096520047,0.4033941104385606,0.4103581142339075,0.4697597348798674,0.0818884792920708,0.3821156307384118,0.3860684769775679,0.9507790883937672,0.2769152954792966,0.3470076187655296,0.3495499676772365,0.7813448406676783,0.5375063060266211,0.5913652443866869,0.1869124649005005,0.0717140750514183,0.3885281385281385,0.8816155988857939,0.1873957080212658,0.3503831020915303,0.8333333333333334,0.3323663489432242,0.6242003686436084,0.0831906881205066,0.3623565085553389,0.2941854808194742,0.327494334537882,0.6877110322295484,0.3498480798286539,0.5153999387473374,0.5313209519006157,0.5088116894461936,0.1007981007223316,0.1439058066477503,0.0153747678096289,0.1193282962865487,0.2736308042094797,6.8082023949117,25.582457900485128,0.2705361235392185,2019,731.0,2997.0,5188.0,,1366.0,1366.0,,,,0.2586292531110878,13.977392952767966
6144840.0,2118.0,212931.0,212931.0,56056.0,56056.0,23002.0,425862.0,38356.0,60261.0,6930.0,11416.0,9472.0,14988.0,14222.0,35667.0,8110.0,19936.0,6344.0,16315.0,614.0,1595.0,1514.0,4053.0,19518.0,55937.0,1529.0,4376.0,4785.0,14494.0,60688.0,115864.0,25862.0,72252.0,37826.0,236788.0,236788.0,8565.0,15559.0,2143.0,5971.0,4033.0,27592.0,14369.0,27736.0,6299.0,18547.0,15385.0,63020.0,61146.0,60230.0,63228.0,14358.0,10402.0,12.0,465.0,55460.0,19506.0,9753.0,625.0,30573.0,21076.0,51649.0,15026.0,6050.0,21031.0,5940.0,3602.0,124374.0,9126.0,16628.0,626.0,35678.0,37842.0,4920.0,78440.0,26380.0,104820.0,3770.0,16200.0,10485.0,5715.0,16200.0,3472.0,10485.0,14594.0,1547.0,5715.0,2379.0,30794.0,2477.0,7701.0,20745.0,44002.0,40.0,2523.0,2989.0,43978.0,2989.0,48943.0,4752.0,298.0,1176.0,19514.0,1260.0,5235.0,9753.0,625.0,445.0,6081.0,180.0,337.0,3335.0,10378.0,6065.0,485.0,127.0,199.0,355.0,209196.0,62069.0,55437.0,4169.0,0.50377339836541,0.5509939265053075,0.8149408398422395,0.3579416486740851,0.3589013565566907,0.339623658812746,0.3600930530597462,0.5237865083200994,0.5504852496947105,0.5180631670031728,0.5288279572178869,0.5471202972596377,0.514605794784262,0.5639818247040536,0.5748611748987517,0.5679428002534166,0.384082162070212,0.0086502795770359,0.0841762756335013,0.1009110369890974,0.0935037990299156,0.0169040930979133,0.0110327919092859,0.0079553783720971,0.5260765084107294,0.8871258564731338,0.1128741435268662,0.6947310446117129,0.3052689553882871,0.7963128292116776,0.2036871707883224,0.740576586014465,0.259423413985535,0.3705646831423443,0.3010001887148518,0.1902122130792551,0.1966144344046665,0.2288445890968267,0.6294353168576556,0.6989998112851481,0.8097877869207449,0.8033855655953334,0.7711554109031733,0.0423181833488612,99.79776202472318,0.5844093274233957,14.42918128407794,14.42918128407794,13.893364517144052,13.893364517144052,0.320339577707372,0.6364979007981946,0.707936507936508,0.5483105641881323,0.1896010971953475,0.3987439369725516,0.4398738092292465,0.4176627759808747,0.1059771630270684,0.4068017656500802,0.4137966222766467,0.4441430332922318,0.0867284016245295,0.3888446215139442,0.3931825224666873,0.953656998738966,0.2973537604456824,0.3489282585766129,0.3517263749729691,0.7698534685930936,0.530236878773804,0.6070427470217239,0.1844155844155844,0.0740826753367394,0.3849529780564263,0.9039087947882736,0.2032512772875058,0.3494058500914077,0.8469587965990844,0.3238338050688157,0.6319722444622364,0.0875699500896657,0.3735504564520108,0.3131603396495473,0.3301366082516903,0.704421739777584,0.3517129462675802,0.5196496986200534,0.5373868928874111,0.5117836051614594,0.1018295465138528,0.1493883300414925,0.0169547100211763,0.1165261753129381,0.2661452438468165,6.554217876130638,25.691291590544207,0.2632589900014558,2020,683.0,2523.0,4169.0,,1290.0,1290.0,,,,0.2601745731357248,14.385355620154856
6258000.0,2160.0,214489.0,214489.0,50503.0,50503.0,22778.0,428978.0,36680.0,57143.0,6716.0,11001.0,8260.0,12787.0,16823.0,39492.0,8090.0,19525.0,6954.0,17696.0,629.0,1620.0,1460.0,3846.0,20473.0,57126.0,1683.0,4553.0,4423.0,13143.0,61593.0,116160.0,27427.0,74822.0,36650.0,242117.0,242117.0,8514.0,15333.0,2312.0,6173.0,4060.0,28024.0,13203.0,24930.0,5883.0,16989.0,13354.0,57409.0,61844.0,61342.0,67965.0,14316.0,10344.0,12.0,372.0,56742.0,20461.0,9996.0,527.0,30922.0,22655.0,53577.0,15974.0,6681.0,20243.0,7219.0,3460.0,129809.0,9223.0,16370.0,554.0,36693.0,37507.0,4649.0,78849.0,26147.0,104996.0,3696.0,16356.0,10621.0,5735.0,16356.0,3641.0,10621.0,13501.0,1638.0,5735.0,1796.0,29857.0,2339.0,6787.0,20717.0,41668.0,47.0,2119.0,2507.0,41636.0,2506.0,47135.0,4700.0,228.0,1044.0,19651.0,1093.0,4364.0,9996.0,527.0,367.0,5735.0,160.0,356.0,3905.0,10523.0,6115.0,500.0,118.0,152.0,310.0,214093.0,56444.0,49917.0,3345.0,0.5020375692042927,0.5480583470693536,0.8260108652058191,0.3665633102563417,0.3745342621091851,0.34628288892813,0.3682337139019476,0.5302427685950413,0.5552729407161026,0.5296028880866426,0.5379224220083568,0.5571468427415605,0.5254777070063694,0.5712178327539993,0.5859070527595022,0.5759303661018316,0.391775141112775,0.0070433829622303,0.0860537190082644,0.1003622490943772,0.098880785981971,0.0182330345710627,0.0090415913200723,0.0064243951965829,0.547811233546572,0.8935229675187392,0.1064770324812608,0.6961597713309947,0.3038402286690053,0.7991331997560763,0.2008668002439237,0.743539125990801,0.256460874009199,0.3708612534489555,0.3006115798401857,0.1886404293381037,0.1942918625063706,0.2227778826193621,0.6291387465510445,0.6993884201598143,0.8113595706618962,0.8057081374936294,0.7772221173806378,0.0413117832472671,98.71018216682646,0.5811080490354462,14.588160698217624,14.588160698217624,14.05521495274816,14.05521495274816,0.299206207914882,0.6418983952540118,0.7135076252723311,0.5518811341330425,0.2067838853923406,0.425985009622202,0.4727288054626689,0.4291149022172026,0.1022347655800023,0.4143405889884763,0.4220355782774271,0.4276885043263288,0.0926579468222136,0.3929701627486437,0.3965556569343065,0.9607420189818808,0.2991171942905614,0.3583832230508,0.3607005056466816,0.7802471547892346,0.5115316655816982,0.6104899554585946,0.1742108397855866,0.0753278154933506,0.3882716049382716,0.8998410174880763,0.2117083604575467,0.369646386997584,0.8621509209744503,0.3050406736801928,0.645968561820599,0.0917483718600157,0.3796151846073843,0.3135332426823159,0.3365289507722742,0.6909813490276571,0.3605970885763632,0.5227209569518688,0.590005036255768,0.513831962414167,0.1002190765897561,0.1498806354920639,0.0141675257050722,0.1157456931979167,0.2371126356265772,6.646268939393941,25.657080805110795,0.2354572961783588,2021,732.0,2119.0,3345.0,,1127.0,1127.0,,,,0.24680336366778022,13.859168162115644
7125000.0,2460.0,241772.0,241772.0,59556.0,59556.0,27009.0,483544.0,40966.0,62607.0,7805.0,12682.0,9625.0,14746.0,19510.0,45814.0,8856.0,21766.0,8283.0,21629.0,793.0,2142.0,1756.0,4834.0,22315.0,64906.0,1901.0,5406.0,5063.0,15640.0,69332.0,130187.0,30598.0,86535.0,41657.0,272115.0,272115.0,10005.0,18038.0,2694.0,7548.0,4728.0,32820.0,15521.0,29223.0,6819.0,20474.0,15771.0,67270.0,71054.0,67610.0,75327.0,16467.0,11978.0,16.0,494.0,64396.0,22299.0,10904.0,690.0,35527.0,25109.0,60636.0,17175.0,7934.0,23176.0,8619.0,3732.0,146381.0,11713.0,18765.0,687.0,42431.0,41274.0,5247.0,88952.0,31165.0,120117.0,4114.0,18772.0,12190.0,6582.0,18772.0,4025.0,12190.0,15046.0,1959.0,6582.0,1557.0,33818.0,2863.0,8055.0,23298.0,48306.0,72.0,2706.0,2975.0,48265.0,2975.0,53781.0,5505.0,233.0,1459.0,22365.0,964.0,5184.0,10904.0,690.0,454.0,6024.0,236.0,374.0,4506.0,11594.0,6653.0,509.0,133.0,199.0,414.0,239295.0,66180.0,58872.0,4079.0,0.5124185080482317,0.5608670255592567,0.8206091901431466,0.3535910325301901,0.3569157392686804,0.3330565595389274,0.3554351994979138,0.5325570141411969,0.5546623794212219,0.5311227457824317,0.5316903683059403,0.5489720941139685,0.5181298669939836,0.5656292145621866,0.577327406780259,0.5688357153782098,0.3992903350836556,0.0079736522794245,0.0837564426555646,0.0962192726052997,0.0983542148688173,0.0171827621060369,0.0109112765268852,0.0069947308415246,0.5550890058548702,0.8842264914054601,0.1157735085945399,0.6874531554489581,0.3125468445510418,0.7836694739952719,0.2163305260047281,0.7330776034961421,0.2669223965038578,0.3796589638464405,0.3120572836464428,0.1992221604889276,0.2114976199194434,0.2313529099324683,0.6203410361535594,0.6879427163535571,0.8007778395110723,0.7885023800805566,0.7686470900675316,0.0400120600278158,97.72678736842106,0.5738312920476109,14.734956901543605,14.734956901543605,14.171359793524475,14.171359793524475,0.2888816086968558,0.6543357771495201,0.7239983740699504,0.5657374408045697,0.2113952436762304,0.4258523595407517,0.4723056066621477,0.4417734495130702,0.1004328125432581,0.4068731048424148,0.4139865370231862,0.4214092140921409,0.0998006662913778,0.3829580655601276,0.3871827233207124,0.9578655076663044,0.2994896687922777,0.3438048870674514,0.3462266492893937,0.769661662558817,0.4956616899867115,0.6154392051726857,0.1852658552210121,0.0837176580942703,0.3702147525676937,0.9117276166456494,0.2112874228093488,0.3516463189049205,0.8495528669121515,0.2967181117572489,0.6527193815271938,0.0972694528844799,0.3632602399669011,0.3147071251785822,0.3237212276214833,0.6881719437805114,0.3462792720044723,0.5227057886915784,0.5432865088892699,0.5122735607415841,0.0994788532209944,0.1520942283759614,0.0107973041126037,0.120610771181302,0.2472116568362641,6.7040272838301815,25.68214248569944,0.2463312542395314,2022,865.0,2706.0,4079.0,,1103.0,1103.0,,,,0.24815662461586732,13.914659825285394
7138200.0,2460.0,244628.0,244628.0,58981.0,58981.0,27204.0,489256.0,43133.0,64599.0,8222.0,13067.0,10010.0,14989.0,21344.0,48512.0,8424.0,19943.0,8141.0,21124.0,712.0,1974.0,1765.0,4700.0,22218.0,63041.0,1869.0,5309.0,4779.0,14637.0,72901.0,133054.0,30359.0,84165.0,45248.0,282127.0,282127.0,10420.0,18294.0,2581.0,7283.0,5042.0,33625.0,16218.0,29587.0,6544.0,19337.0,16196.0,68264.0,74162.0,71640.0,75594.0,15483.0,12556.0,21.0,488.0,62532.0,22197.0,10796.0,652.0,37081.0,25198.0,62279.0,17364.0,7834.0,24205.0,9329.0,3547.0,149756.0,11763.0,18819.0,759.0,40310.0,40575.0,5620.0,86505.0,31341.0,117846.0,4250.0,17933.0,11530.0,6403.0,17933.0,3994.0,11530.0,16734.0,1849.0,6403.0,2769.0,34667.0,2924.0,8133.0,26023.0,49149.0,25.0,2901.0,3498.0,49111.0,3498.0,57881.0,6363.0,225.0,1435.0,25103.0,984.0,5086.0,10796.0,652.0,458.0,5892.0,194.0,348.0,4556.0,11448.0,6680.0,606.0,115.0,149.0,402.0,248502.0,67360.0,58409.0,4101.0,0.5086487153811333,0.5565795596115456,0.830000988174841,0.3607081328343136,0.3543869284635452,0.3384185757873507,0.3625607992638359,0.5479053617328303,0.5695856564993987,0.5481461452665022,0.545253868215948,0.5587637330414044,0.5321314692175619,0.5809808770739938,0.589043740784947,0.583442037691806,0.3874661056353266,0.0077466880532287,0.081139988275437,0.0912088422421399,0.093914907651715,0.017449731735446,0.0091838666919144,0.0072651131803112,0.5172931029509331,0.8810158332026964,0.1189841667973036,0.6831498131124356,0.3168501868875644,0.7741055825475774,0.2258944174524225,0.7256407726053451,0.2743592273946549,0.385008917675772,0.309494543151935,0.2052308513477448,0.2209121699050141,0.2411746329272102,0.614991082324228,0.690505456848065,0.7947691486522551,0.7790878300949858,0.7588253670727898,0.0424037435022498,98.69836093132724,0.583508036338225,14.589907941854571,14.589907941854571,14.048203803325864,14.048203803325864,0.2973911121955261,0.6677038344246815,0.734716473333674,0.5611712609834697,0.2233322131121126,0.4399736147757256,0.4855764855764856,0.4370783358320839,0.0918105690570346,0.4224038509752795,0.4299055881602449,0.4210588793922127,0.0972474783513412,0.3853910244271918,0.3889632107023411,0.962289645006756,0.2902186272839853,0.3524373027077616,0.3550165380374862,0.7815284904131785,0.5108886890565743,0.6292186423815719,0.1876672342495743,0.0771787152519842,0.3606889564336373,0.9101123595505618,0.207569300543457,0.352043699378414,0.8368111289459604,0.3063731501921347,0.6678230702515178,0.0960673697980541,0.375531914893617,0.2991783173902379,0.3265013322402131,0.6848572178308527,0.3549702552293226,0.5270147109621051,0.5468366680020604,0.5175386886328914,0.1100675167524357,0.165375443034639,0.0111676562058241,0.1191839136275507,0.2419619533047173,6.496936582139582,25.691914691380028,0.2411048612587275,2023,812.0,2901.0,4101.0,,1219.0,1219.0,,212.0,212.0,0.26646379920725166,14.091552369016485
7125000.0,2460.0,242779.0,242779.0,54423.0,54423.0,27414.0,485558.0,42701.0,64274.0,8000.0,12922.0,9014.0,13569.0,21550.0,49275.0,7909.0,18798.0,8635.0,22161.0,804.0,2097.0,1728.0,4638.0,22944.0,64194.0,2052.0,5619.0,4583.0,13861.0,72160.0,132347.0,31579.0,86355.0,41903.0,280960.0,280960.0,10374.0,18366.0,2856.0,7716.0,4723.0,34039.0,14846.0,27262.0,6311.0,18499.0,14262.0,62887.0,77934.0,66386.0,79929.0,14808.0,12546.0,11.0,482.0,63701.0,22933.0,11875.0,773.0,38967.0,26643.0,65610.0,18300.0,8343.0,24764.0,10516.0,3687.0,157863.0,12240.0,18770.0,656.0,40772.0,40603.0,5102.0,86477.0,31666.0,118143.0,4204.0,18387.0,11586.0,6801.0,18387.0,4043.0,11586.0,15081.0,2013.0,6801.0,1835.0,33468.0,2934.0,7362.0,24155.0,46074.0,24.0,2734.0,2870.0,46049.0,2870.0,53430.0,5778.0,204.0,1479.0,23321.0,857.0,4482.0,11875.0,773.0,529.0,6318.0,244.0,328.0,5229.0,12648.0,7402.0,669.0,122.0,159.0,575.0,246921.0,62018.0,53880.0,3571.0,0.5400083148558759,0.5914216765067464,0.8436935938440102,0.3656881477621446,0.3701399688958009,0.3411535758689659,0.3676126372666612,0.5452333638087754,0.5648480888598497,0.544567529895092,0.5465359255973882,0.5619967793880838,0.5312930224426914,0.5794722015079957,0.5893043116017497,0.5805817318394302,0.3948523561741547,0.0089514214579352,0.0897262499338859,0.0982979120639761,0.1061187214611872,0.0174486647515693,0.0110103334687062,0.0082406455431971,0.5493904625313732,0.8860715526224383,0.1139284473775616,0.6838630353864551,0.3161369646135449,0.7691088810080736,0.2308911189919263,0.7240734973528495,0.2759265026471504,0.3779729919162656,0.3100979102732719,0.2068867924528301,0.2268306203699037,0.2429836410025514,0.6220270080837345,0.6899020897267281,0.7931132075471699,0.7731693796300962,0.7570163589974486,0.0420458864240993,98.13382736842104,0.5852308665401644,14.673839170603715,14.673839170603715,14.118464941366428,14.118464941366428,0.2938884875309782,0.6643588387217226,0.7367830768168956,0.5799395798693239,0.2253065815584677,0.4373414510400811,0.4892612268991509,0.4879814385150812,0.0859525747363993,0.4207362485370784,0.4282079047103411,0.4661777721583007,0.1013296631946667,0.3896484815667163,0.3939864032486198,0.9661841343370006,0.2935226929794881,0.3574165809888774,0.360386397549674,0.7975941422594143,0.4954374664519592,0.6190992106485064,0.18375,0.0804002760524499,0.3834048640915594,0.9228855721393034,0.2154359328272371,0.3651895355045382,0.8771929824561403,0.2965188697799436,0.664308349915248,0.10135268022989,0.3725743855109961,0.3028998492165818,0.3306399249693384,0.688740843705133,0.3600100469380387,0.5354132376951442,0.5502518169964284,0.5236811262007288,0.1019849880529217,0.1555874307825739,0.0096220168299075,0.1211524772209567,0.2238290148063781,6.387291740651471,25.69457472062995,0.2241668348580396,2024,804.0,2733.0,3571.0,,1000.0,1000.0,,150.0,150.0,0.24430503607648765,13.715651448364268
7123200.0,2460.0,243787.0,243789.0,54963.0,54965.0,28541.0,487576.0,40364.0,60698.0,7772.0,12746.0,8649.0,13068.0,22250.0,50305.0,6620.0,16031.0,9081.0,23425.0,923.0,2455.0,1890.0,4900.0,24223.0,69030.0,2358.0,6392.0,4997.0,15122.0,69234.0,127034.0,33304.0,92455.0,41573.0,279953.0,280009.0,10158.0,18408.0,3281.0,8847.0,4680.0,34839.0,14254.0,26241.0,6887.0,20022.0,14074.0,63243.0,75064.0,63404.0,83319.0,16593.0,12104.0,16.0,584.0,68430.0,24207.0,11175.0,819.0,37532.0,27773.0,65305.0,19025.0,8748.0,23595.0,10920.0,3017.0,158383.0,14140.0,18343.0,762.0,43035.0,38642.0,5061.0,86738.0,33245.0,119983.0,4272.0,20182.0,12551.0,7631.0,20182.0,4260.0,12551.0,14988.0,2192.0,7631.0,1552.0,35170.0,3303.0,7862.0,24076.0,45746.0,18.0,2919.0,2605.0,45713.0,2605.0,53312.0,5337.0,218.0,1074.0,23048.0,1057.0,4392.0,11175.0,819.0,563.0,5791.0,256.0,272.0,5112.0,11994.0,6997.0,577.0,127.0,114.0,304.0,245114.0,62463.0,54475.0,3589.0,0.5421035907213219,0.5940299452375677,0.8339238529906318,0.360218484668217,0.3708601785916129,0.3439716312056737,0.3623341424388545,0.5450036997969048,0.5518252933507171,0.5431957623566175,0.5430340472643276,0.5532746285085306,0.5314073881935888,0.5755678935449674,0.5794560725236635,0.5792361277041557,0.4212283986896837,0.0088583635282029,0.0879685753420344,0.0954067679330455,0.1016201172845641,0.016967126193001,0.0109284951974386,0.0081558742575691,0.573841342052886,0.86913961875322,0.13086038124678,0.6781082741072212,0.3218917258927788,0.7526891123742895,0.2473108876257105,0.7154607568325158,0.2845392431674842,0.3823004462072384,0.3116085936089547,0.2195175438596491,0.2419399795596023,0.263683353395171,0.6176995537927615,0.6883914063910453,0.7804824561403508,0.7580600204403977,0.736316646604829,0.04170205288898,98.566576819407,0.5833750208437553,14.609474664358642,14.60935481092256,14.00261457747952,14.002499702611685,0.2765423324175699,0.6649971992487397,0.7351339537763856,0.5845555445446438,0.229191440117728,0.4423019580558592,0.4923328834111477,0.4907865168539326,0.0730378287750183,0.4129499095502464,0.4200774160797005,0.4557401812688821,0.1067251661814487,0.3876627534685165,0.3919461349216626,0.9633300297324084,0.314503232508235,0.3509054034477763,0.3537908773569749,0.7854105602113693,0.4676573105852137,0.6097599246822533,0.1960885229027277,0.0900752155567785,0.3759674134419551,0.9122426868905742,0.2345257750871399,0.3688986232790989,0.8710771840542832,0.2824719538291939,0.6618457300275482,0.1059161749129974,0.3857142857142857,0.3268702851090504,0.3304457082396508,0.6977707311072536,0.3537483559842174,0.5415244438002421,0.5511003951890033,0.5306696038296468,0.1011705193812128,0.1592317523921379,0.0110647696447908,0.1244458891313899,0.2259057770411462,6.267137144386542,25.778920013426745,0.2254550078552178,2025,813.0,2918.0,3589.0,,805.0,805.0,,123.0,123.0,0.2428914433069539,14.362648000206475
7121999.4,2460.0,245196.0,247046.0,61918.0,63426.0,30096.0,492242.0,41558.0,61788.0,8216.0,13176.0,10121.0,15023.0,22172.0,49938.0,6780.0,16464.0,9118.0,23570.0,922.0,2389.0,2090.0,5525.0,23599.0,68498.0,2420.0,6678.0,5411.0,16862.0,70510.0,128190.0,32717.0,92068.0,45223.0,284394.0,284394.0,10703.0,18953.0,3342.0,9067.0,5522.0,36954.0,16629.0,30159.0,7501.0,22387.0,16630.0,72391.0,75664.0,65356.0,83853.0,14298.0,12682.0,,,68498.0,23599.0,11135.0,777.0,37832.0,27951.0,65783.0,19101.0,8850.0,24123.0,10662.0,3047.0,159517.0,15787.0,18881.0,795.0,42047.0,38200.0,5340.0,85587.0,35463.0,121050.0,4777.0,20714.0,12638.0,8076.0,20714.0,4200.0,12638.0,14978.0,2155.0,8076.0,1301.0,35692.0,3264.0,8835.0,25620.0,48815.0,19.0,3488.0,2849.0,48699.0,2849.0,57768.0,5596.0,248.0,1087.0,24434.0,1235.0,5017.0,11135.0,777.0,537.0,5815.0,240.0,346.0,4974.0,11912.0,6934.0,617.0,146.0,,315.0,247440.0,71691.0,61475.0,4264.0,0.5365480073748404,0.5895681715470087,0.8543264969282025,0.3553569101099187,0.3685893900959524,0.33506052619824,0.3553569101099187,0.5500429050627974,0.5647127103888566,0.5513776981995424,0.5429337413397016,0.5608850820842256,0.5305922429870971,0.5783414932680538,0.5905322792305476,0.5804424778761061,0.4180007082603129,0.0084394143459182,0.0868632498634838,0.0941121253317796,0.0996035083503544,0.0210155490767735,0.010182435299109,0.0078396449531373,0.580354140983974,0.8704156479217604,0.1295843520782396,0.6692244354513761,0.3307755645486239,0.7270290832382336,0.2729709167617664,0.6983161467171387,0.3016838532828612,0.3871240367884663,0.3196858410297433,0.2432375316990701,0.272969618973204,0.2729748603351955,0.6128759632115337,0.6803141589702567,0.7567624683009299,0.727030381026796,0.7270251396648044,0.0462869656214875,99.5266132709868,0.582102081934184,14.522923294017843,14.414468155728084,13.9058459354965,13.802011771087168,0.2805255654732178,0.6725901469541011,0.7424651171100352,0.5804658549497088,0.2267250224736445,0.443990548279867,0.4931055955875811,0.4808767815262493,0.0747487037928247,0.4118075801749271,0.4206477230425611,0.4494100294985251,0.1070108690717249,0.3868476877386508,0.390827261037291,0.9706075893836368,0.3109898391885879,0.3445210079126398,0.3472432718765174,0.8093987033348871,0.4702355460385439,0.6235579842137219,0.2080087633885102,0.085260528194147,0.385935537881959,0.9273318872017352,0.2383297644539614,0.3623839472896076,0.8834710743801653,0.2859018764511095,0.6737003261665446,0.1051459673428995,0.3782805429864253,0.3208997830472348,0.3208990629818526,0.6985262737335307,0.3445210079126398,0.543153217661294,0.5545204989697611,0.5338523494162821,0.1067162717838261,0.1661860325924313,0.0126987881850732,0.1299394501993712,0.2545447512957376,6.2942881660035885,25.559403306657284,0.2525245110034421,2026,805.0,3488.0,4264.0,,744.0,744.0,,,,0.2622742420252613,14.514553023176598
,,,,,,,,,,,,,,,,,,,,,,,,,,,,,,,,,,,,,,,,,,,,,,,,,,,,,,,,,,,,,,,,,,,,,,,,,,,,,,,,,,,,,,,,,,,,,,,,,,,,,,,,,,,,,,,,,,,,,,,,,,,,,,,,,,,,,,,,,,,,,,,,,,,,,,,,,,,,,,,,,,,,,,,,,,,,,,,,,,,,,,,,,,,,,,,,,,,,,,,,,,,,,,,,,,,,,,,,,,,,,2027,,,,,,,,,,,
