SecondsPlayed,GamesPlayed,OffPoss,DefPoss,PenaltyOffPoss,PenaltyDefPoss,SecondChanceOffPoss,TotalPoss,AtRimFGM,AtRimFGA,SecondChanceAtRimFGM,SecondChanceAtRimFGA,PenaltyAtRimFGM,PenaltyAtRimFGA,ShortMidRangeFGM,ShortMidRangeFGA,LongMidRangeFGM,LongMidRangeFGA,Corner3FGM,Corner3FGA,SecondChanceCorner3FGM,SecondChanceCorner3FGA,PenaltyCorner3FGM,PenaltyCorner3FGA,Arc3FGM,Arc3FGA,SecondChanceArc3FGM,SecondChanceArc3FGA,PenaltyArc3FGM,PenaltyArc3FGA,FG2M,FG2A,FG3M,FG3A,FtPoints,Points,OpponentPoints,SecondChanceFG2M,SecondChanceFG2A,SecondChanceFG3M,SecondChanceFG3A,SecondChanceFtPoints,SecondChancePoints,PenaltyFG2M,PenaltyFG2A,PenaltyFG3M,PenaltyFG3A,PenaltyFtPoints,PenaltyPoints,PtsAssisted2s,PtsUnassisted2s,PtsAssisted3s,PtsUnassisted3s,PtsPutbacks,HeaveMakes,HeaveAttempts,NonHeaveArc3FGA,NonHeaveArc3FGM,Fg2aBlocked,Fg3aBlocked,TwoPtAssists,ThreePtAssists,Assists,Arc3Assists,Corner3Assists,AtRimAssists,ShortMidRangeAssists,LongMidRangeAssists,AssistPoints,OffThreePtRebounds,OffTwoPtRebounds,FTOffRebounds,DefThreePtRebounds,DefTwoPtRebounds,FTDefRebounds,DefRebounds,OffRebounds,Rebounds,SelfOReb,Steals,BadPassSteals,LostBallSteals,LiveBallTurnovers,BadPassOutOfBoundsTurnovers,BadPassTurnovers,DeadBallTurnovers,LostBallOutOfBoundsTurnovers,LostBallTurnovers,Travels,Turnovers,SecondChanceTurnovers,PenaltyTurnovers,ShootingFouls,Fouls,Clear Path Fouls,Loose Ball Fouls,Offensive Fouls,FoulsDrawn,Offensive Fouls Drawn,FTA,2pt And 1 Free Throw Trips,3pt And 1 Free Throw Trips,Technical Free Throw Trips,TwoPtShootingFoulsDrawn,ThreePtShootingFoulsDrawn,NonShootingFoulsDrawn,Blocked2s,Blocked3s,BlockedArc3,BlockedAtRim,BlockedCorner3,BlockedLongMidRange,BlockedShortMidRange,Blocks,RecoveredBlocks,DefensiveGoaltends,OffensiveGoaltends,3SecondViolations,Defensive 3 Seconds Violations,FirstChancePoints,PenaltyPointsExcludingTakeFouls,PenaltyOffPossExcludingTakeFouls,NonShootingPenaltyNonTakeFouls,Assisted2sPct,NonPutbacksAssisted2sPct,Assisted3sPct,Fg3Pct,SecondChanceFg3Pct,PenaltyFg3Pct,NonHeaveFg3Pct,Fg2Pct,SecondChanceFg2Pct,PenaltyFg2Pct,EfgPct,SecondChanceEfgPct,PenaltyEfgPct,TsPct,SecondChanceTsPct,PenaltyTsPct,FG3APct,FG3APctBlocked,FG2APctBlocked,AtRimPctBlocked,ShortMidRangePctBlocked,LongMidRangePctBlocked,Corner3PctBlocked,Arc3PctBlocked,LiveBallTurnoverPct,DefFTReboundPct,OffFTReboundPct,DefTwoPtReboundPct,OffTwoPtReboundPct,DefThreePtReboundPct,OffThreePtReboundPct,DefFGReboundPct,OffFGReboundPct,OffAtRimReboundPct,OffShortMidRangeReboundPct,OffLongMidRangeReboundPct,OffArc3ReboundPct,OffCorner3ReboundPct,DefAtRimReboundPct,DefShortMidRangeReboundPct,DefLongMidRangeReboundPct,DefArc3ReboundPct,DefCorner3ReboundPct,SelfORebPct,Pace,BlocksRecoveredPct,SecondsPerPossOff,SecondsPerPossDef,SecondsExcludingORebsPerPossOff,SecondsExcludingORebsPerPossDef,AtRimFrequency,AtRimAccuracy,UnblockedAtRimAccuracy,AtRimPctAssisted,ShortMidRangeFrequency,ShortMidRangeAccuracy,UnblockedShortMidRangeAccuracy,ShortMidRangePctAssisted,LongMidRangeFrequency,LongMidRangeAccuracy,UnblockedLongMidRangeAccuracy,LongMidRangePctAssisted,Corner3Frequency,Corner3Accuracy,UnblockedCorner3Accuracy,Corner3PctAssisted,Arc3Frequency,Arc3Accuracy,UnblockedArc3Accuracy,Arc3PctAssisted,SecondChanceAtRimFrequency,SecondChanceAtRimAccuracy,SecondChanceAtRimPctAssisted,SecondChanceCorner3Frequency,SecondChanceCorner3Accuracy,SecondChanceCorner3PctAssisted,SecondChanceArc3Frequency,SecondChanceArc3Accuracy,SecondChanceArc3PctAssisted,PenaltyAtRimFrequency,PenaltyAtRimAccuracy,PenaltyCorner3Frequency,PenaltyCorner3Accuracy,PenaltyArc3Frequency,PenaltyArc3Accuracy,AtRimFG3AFrequency,NonHeaveArc3Accuracy,ShotQualityAvg,SecondChanceShotQualityAvg,PenaltyShotQualityAvg,ShootingFoulsDrawnPct,TwoPtShootingFoulsDrawnPct,ThreePtShootingFoulsDrawnPct,SecondChancePointsPct,PenaltyPointsPct,Avg2ptShotDistance,Avg3ptShotDistance,PenaltyOffPossPct,year,StepOutOfBoundsTurnovers,Loose Ball Fouls Drawn,NonShootingPenaltyNonTakeFoulsDrawn,BlockingFouls,Charge Fouls,Charge Fouls Drawn,BlockingFoulsDrawn,Transition Take Fouls,Transition Take Fouls Drawn,FTA_Rate,TOV%
6906140.0,2378,219501,219501,64131,64131,28227,439002,33767,56234,7495,13469,9249,15363,16490,44835,23084,57998,3078,8076,333,879,879,2432,8446,24521,884,2457,2529,8100,73341,159067,11524,32597,44205,225459,225459,11167,23023,1217,3336,5826,31811,18761,40811,3408,10532,20251,67997,83938,62744,29454,5118,12292,20.0,510.0,23991,8426,12254,251,41969,9818,51787,6905,2913,18734,7786,15449,113392,5589,26917,963,14200,57882,6229,78311,33469,111780,4018,18596,11520,7076,18596,3927,11520,17182,1952,7076,2144,35778,3380,9885,22919,53140,110.0,3483,5024,1.0,1.0,59138,4582,32,1947,22717,196,7912,12254,251,180,6498,71,995,4761,12505,7358,1252,157,795.0,735,193648,67997,64131,7316,0.5722447198701954,0.624585162586502,0.8519611246095106,0.3535294659017701,0.3648081534772182,0.3235852639574629,0.3585252594508679,0.4610698636423645,0.4850367024280068,0.4597044914361324,0.472843100425745,0.492905648924466,0.4649708821066163,0.5137142857142857,0.5280610544557756,0.5289392847067674,0.1700736705901995,0.0077000951007761,0.0770367203756907,0.1155528683714478,0.1061893609902977,0.0171557639918617,0.008791480931154,0.0073406467925451,0.5197607468276595,0.8661012235817576,0.1338987764182425,0.6825788039953301,0.3174211960046699,0.7175703673758148,0.2824296326241851,0.6891995257582132,0.3108004742417868,0.4071300448430493,0.3172261421138906,0.2594883410285449,0.281113427015397,0.2864117168429617,0.5928699551569506,0.6827738578861093,0.7405116589714551,0.718886572984603,0.7135882831570383,0.0435291313674084,91.536354606191,0.5884046381447421,15.731454526403068,15.731454526403068,14.926551587464294,14.926551587464294,0.2933988646798564,0.6004730234377779,0.6789247225349847,0.5548020256463411,0.2339249937390433,0.367793018846883,0.4114887458202326,0.4721649484536082,0.3026024709909007,0.3980137246111935,0.4049611423960142,0.6692514295616011,0.0421362384172301,0.3811292719167904,0.3845096814490943,0.946393762183236,0.1279374321729693,0.344439460054647,0.3469865658765046,0.8175467677006867,0.5109829659698775,0.5564629890860494,0.1609072715143429,0.0333472438256383,0.378839590443686,0.9009009009009008,0.0932129443453848,0.3597883597883597,0.8733031674208145,0.2992228736147089,0.6020308533489552,0.0473677034844087,0.3614309210526316,0.157762499269618,0.3122222222222222,0.4634725352700559,0.3512150389729482,0.4719470696498137,0.4945464961117002,0.4651360178420213,0.1091287512561737,0.1281983273326486,0.0059827233600927,0.1410943896673009,0.3015936378676389,9.19365927565114,25.467404975918026,0.2921672338622603,2001,,,,,,,,,,0.30855037983137157,16.26319151292137
6896032.0,2378,217794,217794,59316,59316,28768,435588,34615,58217,8029,14259,8817,14948,15989,42045,23005,57927,3276,8557,385,951,923,2422,9126,26517,962,2708,2580,8205,73609,158189,12402,35074,42619,227043,227043,11639,23440,1347,3659,5749,33068,17536,38096,3503,10627,18095,63676,83026,64192,31854,5352,13114,14.0,496.0,26007,9112,12146,278,41513,10618,52131,7506,3112,18817,7433,15263,114880,6009,27018,1001,15327,56605,5762,77694,34028,111722,3992,18533,11619,6914,18533,3876,11619,15853,2101,6914,1655,34386,3276,8646,22604,50495,93.0,3581,4662,5.0,5.0,56650,4678,33,2105,22409,193,6954,12146,278,202,7059,76,1008,4079,12424,7351,674,91,674.0,976,193975,63676,59316,6410,0.5639663628088957,0.6191165065918989,0.8561522335107241,0.3535952557449963,0.3681333697731621,0.3296320692575515,0.3582624790329111,0.4653231261339284,0.4965443686006826,0.4603107937841243,0.4771321980927544,0.5040591903760286,0.4677565010364715,0.5166087442918187,0.5372628284540654,0.5291843122813478,0.1814832637390498,0.0079260991047499,0.0767815714114129,0.1212532421801192,0.0970151028659769,0.0174012118701123,0.0088816173892719,0.0076177546479616,0.5389693479904613,0.8519887623835576,0.1480112376164424,0.6769070710211306,0.3230929289788694,0.718363329583802,0.281636670416198,0.68533427338294,0.31466572661706,0.4118652030922991,0.3191918408500407,0.2656363477907213,0.2758770298747985,0.2995001922337562,0.5881347969077009,0.6808081591499593,0.7343636522092787,0.7241229701252014,0.7004998077662438,0.0430320800275957,90.95762896691896,0.591677398583387,15.831547241889124,15.831547241889124,15.014215267638226,15.014215267638226,0.3012319999172113,0.5945857739148359,0.6766292661949255,0.5436082623140257,0.2175532823147731,0.3802830300868117,0.4211399673391982,0.4648821064481831,0.2997314540289657,0.3971377768570787,0.404170839262812,0.6634644642469029,0.0442764522955764,0.382844454832301,0.3862752033958259,0.94993894993895,0.1372068114434734,0.3441565787985066,0.3467984039521186,0.8224852071005917,0.5261817779253847,0.5630829651448208,0.1734960767218831,0.0350935458873021,0.4048370136698212,0.903896103896104,0.0999298867116867,0.3552437223042836,0.893970893970894,0.3067955585657697,0.5898447952903398,0.0497095827432629,0.3810900082576383,0.1684009605319869,0.3144424131627056,0.4827152636562611,0.3503672088283923,0.4786968081570761,0.504386081268411,0.4709347846393357,0.1070403591691372,0.1273817644383811,0.0054776636203666,0.1456464194007302,0.2804578868320098,9.070144573895783,25.48832183383703,0.2723491005261853,2002,,,,,,,,,,0.29312387782451893,15.733915359167593
6904966.0,2378,218928,218928,61728,61728,28424,437856,34220,57778,7788,13906,9296,15607,15810,41324,22707,58094,3414,9276,381,991,890,2577,8786,25637,894,2442,2512,8069,72737,157196,12200,34913,44028,226102,226102,11426,23185,1275,3433,5899,32576,18160,39118,3402,10646,19260,65786,81466,64008,31200,5400,12834,14.0,541.0,25082,8772,11686,242,40733,10400,51133,7156,3244,18692,7132,14909,112666,5964,26656,961,15442,56781,5771,77994,33581,111575,3947,18881,11580,7301,18881,3978,11580,16584,2167,7301,2124,35465,3271,9546,23038,51727,68.0,3585,4686,3.0,3.0,58102,4650,35,2054,22820,209,7291,11686,242,176,6995,66,976,3715,11928,6963,622,114,684.0,1042,193526,65786,61728,6710,0.5600038494851314,0.6141887816646562,0.8524590163934426,0.3494400366625612,0.3713952810952519,0.3195566409919218,0.354532759222623,0.4627153362680984,0.4928186327366832,0.4642364129045452,0.4738820148977924,0.5011082725974905,0.4674664416043726,0.5154057057829378,0.5376846148751573,0.5313084796511155,0.1817353689832334,0.0069315154813393,0.0743403140029008,0.1210668420506075,0.08989933210725,0.0168003580404172,0.0071151358344113,0.0068650778172173,0.5323840406034118,0.8572489601901366,0.1427510398098633,0.6805254263695962,0.3194745736304037,0.7213865271419229,0.2786134728580772,0.6888681170893622,0.3111318829106378,0.4163169164882227,0.3127524752475247,0.2594368056950943,0.27489122088559,0.288681204569055,0.5836830835117773,0.6872475247524753,0.7405631943049057,0.7251087791144101,0.711318795430945,0.0423725174449812,91.31292464003444,0.5837525150905433,15.769947197252064,15.769947197252064,14.955597273989625,14.955597273989625,0.3007563414519882,0.5922669528194122,0.673847547407597,0.5462302746931619,0.2151070486026162,0.3825863904752686,0.420378100986466,0.4511068943706515,0.3024012409621621,0.390866526663683,0.3975454322630344,0.6565816708503985,0.0482850881530797,0.3680465717981889,0.3706840390879479,0.9502050380785004,0.1334502808301537,0.3427078051254046,0.3450767841011743,0.8144775779649442,0.522428431888196,0.5600460232992953,0.1634565998972778,0.0372304455631527,0.384460141271443,0.8923884514435696,0.0917424299346307,0.366093366093366,0.8791946308724832,0.3136202877582188,0.5956301659511758,0.0517844224740776,0.3453628249902988,0.1621453259384294,0.3113149089106456,0.4824917104352216,0.3497328761661749,0.4795422488193254,0.5015099359682049,0.4739409067815554,0.1094258575548935,0.1301278469030485,0.0059566221107532,0.1440765672130277,0.2909571786184996,9.130037023842846,25.251972044797064,0.2819557114667836,2003,,,,,,,,,,0.3024428839877361,16.15291603289301
6897196.0,2378,216603,216603,59943,59943,28461,433206,34502,59233,7760,14110,8945,15517,14902,39468,21529,55609,3607,9564,384,1002,997,2706,8715,25929,905,2535,2325,8007,70933,154310,12322,35493,43268,222100,222100,11094,22876,1289,3537,5950,32005,17150,37734,3322,10713,18580,62846,80186,61680,31695,5271,12664,18.0,534.0,25377,8697,11745,277,40093,10565,50658,7110,3455,18973,6673,14447,111881,6260,26387,994,15553,55927,5967,77447,33641,111088,3940,18858,11695,7163,18858,4117,11695,16746,1541,7163,1785,35604,3500,9286,23127,51002,83.0,3376,4714,,,57562,4529,38,1720,22864,255,6992,11745,277,191,7393,86,908,3444,12022,6952,602,104,653.0,765,190095,62846,59943,6504,0.5652235207872217,0.6206250677234099,0.8574095114429475,0.3471670470233567,0.3644331354255018,0.3100905441986372,0.3519551474584513,0.4596785691141209,0.4849624060150376,0.4544972703662479,0.4710989815756337,0.4932230341119903,0.4568497533387,0.5124589615829336,0.5304517030335285,0.5220252910813024,0.1869991517520798,0.0078043557884653,0.0761130192469703,0.1248121823983252,0.087260565521435,0.01632829218292,0.0089920535340861,0.0073662694280535,0.529659588810246,0.8572044246516305,0.1427955753483694,0.6794348470491046,0.3205651529508953,0.7130151744372621,0.2869848255627378,0.6864694075503952,0.3135305924496048,0.4125637364878646,0.3158848482352456,0.2566680589533981,0.2836634904714142,0.2960245691861457,0.5874362635121354,0.6841151517647543,0.7433319410466018,0.7163365095285857,0.7039754308138543,0.0426536179794743,90.44496343151624,0.5782731658625853,15.92128456207901,15.92128456207901,15.084398646371472,15.084398646371472,0.3120762053286829,0.5824793611669171,0.6655478395061728,0.549910150136224,0.2079419187262582,0.3775717036586601,0.4136686653342216,0.447792242651993,0.292982724192979,0.3871495621212393,0.3935759858137876,0.6710483533838079,0.0503890876329668,0.3771434546214973,0.3805655201519308,0.9578597172165234,0.1366100641191129,0.33611014693972,0.3386043981661357,0.8158347676419966,0.5342066406693674,0.5499645641389086,0.1627577319587629,0.0379358649150039,0.3832335329341317,0.8932291666666666,0.0959754666262825,0.3570019723865877,0.8961325966850828,0.3202881499370446,0.5764645227814655,0.0558548516936033,0.3684405025868441,0.1652733915412719,0.2903709254402398,0.4990753570807626,0.342711904480435,0.4822604581557432,0.5057676295533876,0.4758086201135983,0.1109596601953396,0.1324336065336384,0.0071408569028283,0.1441017559657811,0.2829626294461954,8.900848940444561,25.279891809652607,0.2767413193723078,2004,529.0,,,,,,,,,0.3032723402685943,16.40032340015315
7139958.0,2460,226220,226220,68416,68416,29413,452440,36920,63031,8335,15069,10391,17927,14390,37193,23348,58654,4159,10850,439,1116,1247,3400,9618,27898,905,2561,2895,9347,74658,158878,13777,38748,48462,239109,239109,11674,23553,1344,3677,6436,33816,19849,42515,4142,12747,22291,74415,81166,68150,35277,6054,13526,9.0,572.0,27317,9609,11691,272,40583,11759,52342,7789,3970,19553,6070,14960,116443,6706,26874,1100,16735,56270,6557,79562,34680,114242,3989,18488,11659,6829,18488,3939,11659,17185,1618,6829,2131,35673,3403,10006,25686,55668,68.0,3542,5035,6.0,6.0,64094,5288,55,1815,25407,262,8062,11691,272,193,7753,79,837,3101,11963,6889,714,156,740.0,744,205293,74415,68416,7566,0.5435854161643762,0.5977317917372413,0.8535239892574581,0.355553835036647,0.3655153657873266,0.324939201380717,0.3606454316848281,0.4699077279421946,0.4956481127669511,0.4668705162883688,0.4823429103458047,0.5027543150936468,0.47160797654808,0.5257284946950189,0.539962200083288,0.5379849921470536,0.1960673190774493,0.0070197171466914,0.0735847631516006,0.1230029667941171,0.0833759040679697,0.0142701265045862,0.0072811059907834,0.0069180586421965,0.5182631121576542,0.8563406033694658,0.1436593966305341,0.676777638795343,0.3232223612046569,0.7139200546051789,0.286079945394821,0.6849462870009851,0.3150537129990148,0.4172328597899938,0.316156236129605,0.2576490924805532,0.2755980293227281,0.3128601759175007,0.5827671402100062,0.683843763870395,0.7423509075194469,0.724401970677272,0.6871398240824993,0.0420425801011804,91.24894011981584,0.5758588982696649,15.78099195473433,15.781018477588187,14.97399876226682,14.97399876226682,0.3189408276238956,0.5857435230283511,0.6678968124751258,0.5296045503791983,0.1881989211945796,0.3869007608958675,0.4220931596855567,0.4218207088255733,0.2967929321040753,0.3980632181948375,0.4038258643651521,0.6407401062189481,0.0549016829769362,0.3833179723502304,0.3861294215950236,0.9545563837460928,0.141165636100513,0.3447558964800344,0.3471575527883053,0.8098357246828862,0.5533969886154976,0.553122304067954,0.1602879424115177,0.040984208593463,0.3933691756272401,0.917995444191344,0.0940506793977231,0.3533775868801249,0.8519337016574585,0.3244001302884441,0.5796284933340771,0.0615250986211139,0.3667647058823529,0.1691397343563389,0.3097250454691345,0.515008146701345,0.3517589779258337,0.483245714046245,0.5081504165205192,0.477167716340874,0.1177736382322713,0.141940926384241,0.0067257091515851,0.1414250404627178,0.3112178964405355,8.90519644003575,25.254818313203263,0.3024312616037485,2005,545.0,,,,,,,,,0.32431967453675126,15.727424116600469
7146600.0,2460,224956,224956,67215,67215,27786,449912,37261,62887,7943,14023,10471,17830,13853,35077,22966,57036,4302,11064,372,998,1298,3520,9784,28249,936,2539,2853,9318,74080,155000,14086,39313,48224,238642,238642,11101,21794,1308,3537,6115,32241,19363,40811,4151,12838,21779,72958,77444,70716,35967,6291,12318,14.0,583.0,27652,9770,11310,248,38722,11989,50711,7867,4122,18889,5534,14299,113411,6470,24920,1133,17215,54975,6897,79087,32523,111610,3811,17630,10738,6892,17630,3641,10738,17824,1536,6892,2731,35454,3333,9919,26022,55986,69.0,3248,5305,55780.0,5286.0,64701,5613,49,1899,25711,308,8103,11310,248,171,7749,77,753,2808,11558,6746,637,166,825.0,1022,206401,72958,67215,7479,0.5227051835853131,0.5701035025986072,0.851128780349283,0.3583038689492026,0.36980491942324,0.3233369683751363,0.3633359153111283,0.4779354838709677,0.5093603744149766,0.4744554164318443,0.4899775105113914,0.515692234811101,0.4769799996272065,0.5322144065932586,0.5518123155076543,0.541200262678726,0.2023179097641434,0.0063083458397985,0.0729677419354838,0.1232210154721961,0.0800524560253157,0.0132021880917315,0.0069595083152566,0.0060533116216503,0.4972640604727252,0.8589041095890411,0.1410958904109589,0.6880906189373552,0.3119093810626447,0.7268313278446275,0.2731686721553726,0.696949217995752,0.3030507820042479,0.4080588675087553,0.3033686420459967,0.244362247941773,0.2688159437280187,0.284377358490566,0.5919411324912447,0.6966313579540032,0.7556377520582269,0.7311840562719812,0.715622641509434,0.0413076231045209,90.65475610779951,0.5836649939435888,15.884439623748644,15.884439623748644,15.0917912836288,15.0917912836288,0.3236376361849181,0.5925071954457997,0.6757771409916936,0.5069375486433536,0.1805180301884073,0.3949311514667731,0.4292974681582943,0.3994802569840467,0.2935264238625311,0.4026579704046567,0.4080450580104117,0.6226160411042411,0.056939062234642,0.3888286334056399,0.3915536543187403,0.9581589958158996,0.1453788475295013,0.3463485433112676,0.3484578673694707,0.804067865903516,0.5535904622794204,0.5664265848962419,0.1668135465189475,0.0393983656389404,0.3727454909819639,0.922043010752688,0.100232916189649,0.3686490744387554,0.8739316239316239,0.3323454304833268,0.5872686483454851,0.0656116609815653,0.36875,0.173684504836996,0.3061815840309079,0.5259555459490616,0.3533198322002025,0.4828821372294752,0.5058769946053379,0.4770586021910886,0.121204639679508,0.1468377708483249,0.007783281107854,0.135101951877708,0.3057215410531256,8.820602580645161,25.28792765751787,0.2987917637226835,2006,608.0,3240.0,7465.0,,,,,,,0.3329730898087107,15.707596798829519
7149000.0,2460,228056,228056,64609,64609,27662,456112,38671,64388,8083,14217,10405,17325,13940,34624,22323,55389,4491,11704,411,1046,1195,3302,10435,29967,980,2552,2945,9458,74934,154401,14926,41671,48253,242899,242899,11153,21578,1391,3598,6002,32481,18780,38697,4140,12760,20627,70607,78954,70914,38664,6114,12736,15.0,594.0,29358,10420,11083,246,39477,12888,52365,8583,4305,20501,5500,13476,117618,6834,24348,1059,18307,54140,6835,79282,32241,111523,3819,17805,10809,6996,17805,3591,10809,19423,1444,6996,3924,37228,3313,9834,26502,54665,76.0,3271,5400,54631.0,5400.0,64149,5982,77,2163,26127,370,7428,11083,246,172,7680,74,666,2737,11329,6519,659,160,1093.0,1152,210418,70607,64609,6797,0.5268236047721996,0.5757518303532363,0.863459734691143,0.3581867485781478,0.386603668704836,0.3244514106583072,0.3630011928816612,0.4853206909281675,0.5168690332746315,0.4853089386774168,0.4963635807254478,0.5258778201461709,0.4856482111277377,0.5384369780921505,0.5610745233968805,0.5486868244458697,0.2125290709535272,0.005903386047851,0.0717806231824923,0.1192768838914083,0.0790492144177449,0.0120240480961923,0.0063226247436773,0.0057396469449728,0.4782690448049855,0.8658474790980492,0.1341525209019508,0.6897869738049128,0.3102130261950871,0.7281731036951593,0.2718268963048407,0.6990996728714935,0.3009003271285065,0.4105089667621551,0.2962456003128666,0.2404682171495284,0.2674083914535591,0.2831095406360424,0.5894910332378448,0.7037543996871334,0.7595317828504716,0.7325916085464408,0.7168904593639576,0.0412789000940367,91.87316827528326,0.5754258981375232,15.673781878135197,15.673781878135197,14.898384607289438,14.898384607289438,0.3283895711779346,0.6005932782506057,0.6819320025393243,0.5301388637480282,0.1765881920927006,0.4026109057301293,0.437168752156051,0.3945480631276901,0.2824931657758374,0.4030222607376916,0.4079271969738501,0.603682300766026,0.0596923579093394,0.383714969241285,0.3861564918314703,0.9585838343353372,0.1528367130441878,0.3482163713418093,0.3502265480785366,0.82252036415908,0.5647044804575786,0.5685447000070338,0.173450451565013,0.0415475055608516,0.392925430210325,0.9172749391727494,0.1013663806800127,0.384012539184953,0.8653061224489796,0.3366888858658686,0.6005772005772005,0.0641700837592553,0.3619018776499091,0.1838039528149717,0.3113766123916261,0.5409186421314619,0.3549288098644322,0.4883906727155425,0.5095918414693089,0.4808202600621632,0.1223823379982448,0.149685469732907,0.0088170813077876,0.1337222466951284,0.2906846055356341,8.645841672009897,25.304492332797388,0.2833032237696004,2007,610.0,3271.0,6797.0,,,,,,,0.32717063119670325,16.236592642784146
7129200.0,2460,228810,228810,60472,60472,27791,457620,38410,64029,8056,14258,9536,15965,14036,35226,23099,56702,4811,12174,424,1085,1276,3322,11313,32370,1019,2821,2989,9646,75545,155957,16124,44544,46349,245811,245811,11191,21810,1443,3906,5790,32501,17500,36200,4265,12968,18700,66495,79062,72028,41925,6447,12098,15.0,669.0,31686,11298,11385,266,39531,13975,53506,9334,4641,20502,5462,13567,120987,6961,24539,961,19730,54949,6493,81172,32461,113633,3806,17896,10939,6957,17896,3612,10939,16823,1619,6957,2771,34719,3144,8730,26100,51709,77.0,2952,4449,51639.0,4449.0,61363,5486,72,1733,25714,382,6392,11385,266,193,7898,73,701,2786,11651,6697,714,143,798.0,902,213310,66495,60472,5887,0.5232775167118936,0.5688241049844596,0.8667204167700322,0.3619791666666667,0.369431643625192,0.3288864898210981,0.3671566951566951,0.4843963400167995,0.5131132508023842,0.4834254143646408,0.4974089904788504,0.5193459324933893,0.4860376667751383,0.5373365987926009,0.5537527782526928,0.5465554270609615,0.2221634804813941,0.0059716235632183,0.0730008912713119,0.1233503568695434,0.0790893090331005,0.0123628796162392,0.0059963857401018,0.0059623107815878,0.5154526340044356,0.8710759323852965,0.1289240676147035,0.6912867351046699,0.3087132648953301,0.7392004795623993,0.2607995204376007,0.7033311671799508,0.2966688328200492,0.4059990552668871,0.3084000762776506,0.2342636220852966,0.2540646223502778,0.278842177808408,0.5940009447331129,0.6915999237223494,0.7657363779147034,0.7459353776497222,0.721157822191592,0.0401671697237056,92.4329237502104,0.5748004463136211,15.57886456011538,15.57886456011538,14.79053363052314,14.79053363052314,0.3193450406731138,0.5998844273688485,0.6842921024033065,0.5337672481124707,0.1756898968084947,0.3984556861409186,0.432675709001233,0.3891422057566258,0.2828015820369973,0.4073754012204155,0.4124747772361208,0.5873414433525261,0.0607179016563508,0.395186462953836,0.397570448723246,0.9646643109540636,0.1614455788250432,0.3494902687673772,0.351586536967399,0.8250685052594361,0.554440815056774,0.5650161312947117,0.1808589870903674,0.0421916316689998,0.3907834101382488,0.9268867924528302,0.1096982423393996,0.3612194257355547,0.8930323846908734,0.3247030589000976,0.5973066082054495,0.0675642694435405,0.3841059602649007,0.1961845102505695,0.3098693759071118,0.541508521154508,0.3565612573376254,0.492103876809779,0.5137351550995202,0.4842516343038732,0.1180606137378471,0.1459488605726934,0.0085165202657511,0.1322194694297651,0.2705127109852692,8.841224183589068,25.36376391882184,0.2642891482015646,2008,631.0,2952.0,5887.0,,,,,,,0.3060483488860405,15.111069560276103
7135800.0,2460,227282,227282,61610,61610,27530,454564,38762,65028,8204,14341,9999,16822,14013,34889,22183,54554,5006,12710,419,1121,1333,3465,11346,31873,1014,2751,3061,9582,74958,154471,16352,44583,46907,245879,245879,11232,21746,1433,3872,5636,32399,18080,37450,4394,13047,19190,68532,75116,74800,42141,6915,12282,21.0,657.0,31195,11325,11535,282,37558,14047,51605,9218,4829,20000,5075,12483,117257,7072,24148,884,19526,54336,5985,79847,32104,111951,3946,17883,10912,6971,17883,3636,10912,16649,1847,6971,2780,34532,3044,8683,25747,51765,73.0,2913,4355,51693.0,4355.0,60848,5558,74,1767,25357,393,6495,11535,282,196,8135,86,704,2696,11817,6700,601,142,656.0,880,213480,68532,61610,5947,0.5010539235305104,0.5457663077437261,0.8590386497064579,0.36677657403046,0.3700929752066115,0.3367824020847704,0.3717843646132131,0.4852561322189925,0.5165087832245011,0.4827770360480641,0.4997940257417585,0.5223475681161683,0.4885636770501217,0.5414969844948531,0.5565166448411331,0.5511915554979925,0.2239743989068293,0.0063252809366799,0.0746742106932692,0.1250999569416251,0.0772736392559259,0.0129046449389595,0.0067663257277734,0.0061494054528911,0.51786748523109,0.8713058669384189,0.128694133061581,0.6923194536466031,0.3076805463533968,0.7341153470185728,0.2658846529814271,0.7028986886431549,0.2971013113568451,0.4081499404693321,0.3033065063512072,0.228308349831872,0.2587839259415106,0.2836804640126549,0.5918500595306679,0.6966934936487927,0.771691650168128,0.7412160740584893,0.7163195359873451,0.0422041113178891,91.7307323635752,0.566979774900567,15.698119516723718,15.698119516723718,14.928401721209775,14.928401721209775,0.3266852210957831,0.5960816878882943,0.6813140456646688,0.5159692482328053,0.1752740462387091,0.4016452176903895,0.4352809616997484,0.3621637051309498,0.2740663337586785,0.4066246288081533,0.4119405756731662,0.5627282153000045,0.0638520200548594,0.3938630999213218,0.3965462610899873,0.964642429085098,0.1601223788519698,0.355975276880118,0.358177857751681,0.8124449145073154,0.5598017019283317,0.5720661041768357,0.1694295465626523,0.043758294948864,0.3737734165923282,0.9069212410501192,0.107385432118042,0.3685932388222465,0.8717948717948718,0.333128700714894,0.5944001902270836,0.0686179376992692,0.3847041847041847,0.189753846763174,0.3194531413066165,0.5506596200026124,0.363038948549447,0.4979088621742312,0.5193390250923571,0.4902138539219821,0.117487635281879,0.1455041028289436,0.0087523941027125,0.1317680647798307,0.2787224610479138,8.639015090211107,25.35373124285041,0.2710729402240389,2009,649.0,2913.0,5947.0,,,,,,,0.30568589427994414,15.12868583188846
7134000.0,2460,229272,229272,60987,60987,27537,458544,40408,66657,8574,14914,10196,16906,14988,36249,21512,53461,4650,11886,436,1088,1185,3130,11172,32736,958,2702,2988,9812,76908,156367,15822,44622,45818,247100,247100,11530,22080,1394,3790,5558,32800,18223,37093,4173,12942,17929,66894,77712,76104,40206,7260,13222,19.0,654.0,32063,11153,11711,236,38856,13402,52258,8961,4441,21064,5645,12147,117918,6905,24315,897,20220,54113,6317,80650,32117,112767,3638,17759,10973,6786,17759,3735,10973,17229,1749,6786,2811,34988,2882,8789,26017,51309,97.0,3009,4544,51238.0,4544.0,60371,5742,73,1710,25576,443,6090,11711,236,164,8170,72,677,2864,11947,6814,612,146,794.0,940,214300,66894,60987,5545,0.5052270244968013,0.5527405152424713,0.8470484136013147,0.354578459056071,0.3678100263852242,0.3224385720908669,0.3594204876273653,0.4918429080304667,0.5221920289855072,0.4912786779176664,0.5007288956112026,0.5265172013915732,0.4893074847606675,0.5405485672047623,0.5592965168001095,0.546661514937275,0.2220121499186522,0.0052888709605127,0.0748943191338325,0.1225677723269874,0.0790090761124444,0.0126634368979255,0.006057546693589,0.0050097751710654,0.5075740253801303,0.8756584419184918,0.1243415580815081,0.6899704187280054,0.3100295812719947,0.7454377880184332,0.2545622119815668,0.7042244180648584,0.2957755819351416,0.408345180005379,0.3091246785408134,0.2291500812024328,0.246975302469753,0.2758669100098273,0.591654819994621,0.6908753214591866,0.7708499187975671,0.7530246975302469,0.7241330899901727,0.0387693553715485,92.55724137931034,0.5703523897212689,15.55794427579469,15.557935552531491,14.824884852925782,14.824867406399386,0.3316450153988526,0.6062079001455211,0.6908885735291603,0.5212829142744011,0.1803531536551751,0.4134734751303484,0.4489441365882881,0.3766346410461703,0.2659896810273199,0.4023867866295056,0.4075477417399212,0.5646615842320565,0.059137564742349,0.3912165572942958,0.393600812595226,0.9550537634408602,0.1628745851763031,0.3412756598240469,0.3429939825617094,0.8020945220193341,0.5764978739853112,0.5748960708059542,0.1634009797060881,0.0420564360262852,0.4007352941176471,0.8967889908256881,0.1044453034402783,0.3545521835677276,0.8778705636743215,0.337883481562906,0.6030994913048622,0.0625562106525432,0.3785942492012779,0.1961027280903367,0.3045250713412148,0.553657165317505,0.3478464273461622,0.5025976092561685,0.5258192765417,0.4961468369041352,0.1176303047564796,0.1451524111667924,0.0098461948790896,0.1327397814649939,0.2707163091865641,8.463939961756635,25.364732643090857,0.2660028263372762,2010,671.0,3009.0,5545.0,,,,,,,0.30036967197209796,15.184232284903208
7140600.0,2460,227853,227853,59120,59120,27592,455706,38913,62674,8346,14271,9368,15254,15541,40239,21284,52564,4862,12329,435,1119,1252,3228,11024,31984,916,2675,2905,9355,75738,155477,15886,44313,45760,244894,244894,11389,21928,1351,3794,5520,32351,17307,35792,4157,12583,17596,64681,78452,73024,40983,6675,12794,21.0,624.0,31339,11003,11651,315,39226,13661,52887,8968,4693,20531,5967,12728,119435,6800,24482,826,19966,54197,6202,80365,32108,112473,3757,18020,11037,6983,18020,3576,11037,17046,1836,6983,2580,35066,2983,8598,25437,50953,75.0,3032,3147,50897.0,3147.0,59930,5558,85,1959,24875,571,6171,11651,315,210,6980,105,691,3980,11966,6731,648,147,850.0,1008,212543,63888,58644,5048,0.5179170297604901,0.5656970623440677,0.8599395694322045,0.3584952497009906,0.3560885608856088,0.3303663673209886,0.3631348852113804,0.487133145095416,0.5193816125501641,0.483543808672329,0.4983582761899995,0.5215574216623902,0.4866666666666667,0.5388082245176379,0.5540039163145419,0.546000339673913,0.2217978877821712,0.0071085234581274,0.0749371289644127,0.1113699460701407,0.0989090186137826,0.0131458793090327,0.0085165057993349,0.0065657828914457,0.5138880967318771,0.8824701195219123,0.1175298804780876,0.6888369196354809,0.3111630803645191,0.7459463498468206,0.2540536501531794,0.7033334913936176,0.2966665086063825,0.408471626840966,0.3206673225118872,0.228988998112102,0.2468849758006384,0.2730119825708061,0.591528373159034,0.6793326774881128,0.771011001887898,0.7531150241993615,0.726988017429194,0.0400836454032369,91.89936980085707,0.5625104462644158,15.66931310976814,15.66931310976814,14.92381491575709,14.92381491575709,0.3136993843535712,0.6208794715512015,0.6986928573993608,0.5276128800143911,0.2014064768006406,0.3862173513258282,0.4286108276565818,0.3839521266327778,0.2630962510636168,0.4049159120310479,0.4103097950764366,0.598007893253148,0.0617097952850493,0.3943547732987266,0.3977421465968586,0.96524064171123,0.1600880924971219,0.344672336168084,0.3469503367533203,0.8134978229317852,0.5548168882668533,0.5848223670380492,0.1592379583033788,0.043503615581992,0.388739946380697,0.9149425287356322,0.1039965788041365,0.3424299065420561,0.8700873362445415,0.315328165374677,0.6141339976399632,0.0667286821705426,0.3878562577447336,0.1933850129198966,0.310529128808124,0.5354972721357425,0.3510960783688056,0.5025950858857772,0.5338594081978002,0.4935207033459742,0.1158780106834006,0.1423103767863885,0.0127458202192013,0.1321020523165124,0.2641183532467108,9.00736829241624,25.309311037393083,0.2594655326021601,2011,647.0,3032.0,5048.0,1235.0,1726.0,1726.0,1235.0,,,0.29996496321137195,15.3048308900423
5748600.0,1980,182153,182153,43560,43560,22749,364306,31426,51882,6681,11944,7149,11765,11912,31474,16187,41474,3678,9784,321,869,815,2287,9015,26611,814,2333,2189,7126,59525,124830,12693,36395,33465,190594,190594,9254,18324,1135,3202,4269,26182,12563,26534,3004,9413,12275,46413,61664,57386,32103,5976,9930,13.0,406.0,26192,9002,9807,279,30832,10701,41533,7160,3541,16772,4604,9456,93767,5685,20392,726,16684,44055,4720,65459,26803,92262,3131,15198,9209,5989,15198,3268,9209,13666,1587,5989,1887,28864,2629,6535,18868,38742,49.0,2442,2410,38698.0,2410.0,44461,3834,67,1359,18516,354,4526,9807,279,199,6132,80,595,3080,10086,5674,553,145,509.0,649,164412,45854,43219,3706,0.5179672406551868,0.5651026392961876,0.8430631056487828,0.3487566973485368,0.3544659587757651,0.3191331137788165,0.3523298785740087,0.4768485139790114,0.5050207378301681,0.4734680033164996,0.4872972553884323,0.5089891294248815,0.4748379558794892,0.5243304559539619,0.5401431171409663,0.5315760381399848,0.2257404248720732,0.0076658881714521,0.0785628454698389,0.1181912802127905,0.0978585499142149,0.0143463374644355,0.008176614881439,0.0074781105557852,0.5265382483370288,0.866691149467499,0.1333088505325009,0.683584961286018,0.316415038713982,0.7458536367294023,0.2541463632705977,0.6996291006266127,0.3003708993733874,0.4077215127459198,0.3238021238021238,0.2361932343831704,0.2461811071734083,0.2758620689655172,0.5922784872540802,0.6761978761978762,0.7638067656168296,0.7538188928265918,0.7241379310344828,0.0406861152621662,91.25711303621752,0.5625619670830855,15.779591881550123,15.779591881550123,14.982284123786048,14.982284123786048,0.3217987284850364,0.6057206738367835,0.6869071038251366,0.533698211671864,0.19521786323461,0.3784711190188727,0.4195252518137635,0.3865010073875084,0.2572429834082803,0.3902927135072576,0.3959734827172876,0.5841724840921727,0.060685377577919,0.3759198691741619,0.3790189612530915,0.9627514953779228,0.1650550472941541,0.3387696817105708,0.3413221263062244,0.7942318358291736,0.5548638855337731,0.5593603482920295,0.1731776680137703,0.0403697853758245,0.3693901035673188,0.9221183800623052,0.1083805630400445,0.3489069867123874,0.8402948402948403,0.3272873953320165,0.6076498087547811,0.0636214426795003,0.3563620463489287,0.1982362923192477,0.3071849564973337,0.5475391533571097,0.3436927306047648,0.5081325279828679,0.5333264044943822,0.4998627189524077,0.1070978580428391,0.1327197660416308,0.0096505097868164,0.137370536323284,0.2435176343431587,8.842086838099815,25.25101524934744,0.2391396243817011,2012,558.0,2442.0,3706.0,1021.0,1265.0,1265.0,1021.0,,,0.2757698868041557,15.785716770202097
7133640.0,2458,227776,227776,55708,55708,28129,455552,39901,65879,8505,14799,9189,15238,14653,38269,19125,48394,5269,13518,477,1256,1235,3220,12334,35549,1125,3098,2868,9260,73679,152542,17603,49067,41056,241223,241223,11387,22040,1602,4354,5078,32658,16047,33292,4103,12480,15630,60033,78886,68472,44916,7893,12408,15.0,540.0,34994,12319,12276,346,39443,14972,54415,9886,5086,21869,6136,11438,123802,7707,24292,863,22130,53514,5746,81390,32862,114252,3725,19178,11888,7290,19178,4103,11888,16595,1895,7290,2430,35773,3244,8210,22991,48773,99.0,2923,2912,48679.0,2912.0,54527,4616,136,1410,22483,510,5815,12276,346,250,7969,96,671,3636,12622,7277,636,188,555.0,550,208565,59128,55139,4566,0.535335713025421,0.5845572434234901,0.8505368403113106,0.3587543562883404,0.3679375287092329,0.3287660256410256,0.362437405980176,0.4830079584638985,0.5166515426497278,0.4820076895350234,0.496423770764202,0.5224672274001667,0.4850454426286812,0.5319057009283673,0.5502448083741347,0.5396476964769648,0.2433770317793352,0.0070515825300099,0.0804761967195919,0.1209641919276248,0.0950116282108233,0.0138653552093234,0.0071016422547714,0.0070325466257841,0.5361026472479244,0.8694204872144046,0.1305795127855954,0.6877875742230676,0.3122124257769323,0.7416965512618561,0.2583034487381439,0.7027303215257843,0.2972696784742157,0.401615784976307,0.3155908213596397,0.2293964167681335,0.2517031854170503,0.2759768273141871,0.598384215023693,0.6844091786403603,0.7706035832318664,0.7482968145829497,0.7240231726858128,0.0390916055368405,91.95794573317409,0.5765330375534781,15.659331975273954,15.659331975273954,14.883152746558022,14.883152746558022,0.3267661661929775,0.6056710028992547,0.6890174408565015,0.548081501716749,0.189817914874832,0.3828947712247511,0.4230935812664222,0.4187538388043404,0.2400388871528553,0.3951936190436831,0.4007501623954906,0.5980653594771241,0.067050578099192,0.3897765941707353,0.3925644464312323,0.9652685519073828,0.1763264536801432,0.3469577203296858,0.3494149975919998,0.8015242419328685,0.5606956126392362,0.5747009933103588,0.1736625514403292,0.047586572705918,0.3797770700636942,0.9077568134171908,0.1173751610214442,0.3631375080697224,0.8631111111111112,0.3329109499257188,0.6030318939493372,0.0703486847854583,0.3835403726708074,0.2023070873022808,0.309719222462203,0.5701431979723127,0.3520317768760359,0.5084211361350898,0.529001395633929,0.5003444383053021,0.104584944280191,0.1319355198375672,0.0103153253372706,0.1353851000941038,0.2488693035075428,8.56892462403797,25.323630953594066,0.2445736161843214,2013,707.0,2923.0,4566.0,1264.0,1425.0,1425.0,1264.0,,,0.2704591560892619,15.654765957901182
7142400.0,2460,232644,232644,60245,60245,27774,465288,40061,65751,8321,14502,9762,16078,15363,39334,18301,46113,5275,13505,477,1260,1281,3377,13779,39469,1240,3318,3434,10839,73725,151198,19054,52974,43870,248482,248482,11017,21394,1717,4578,5254,32439,16910,34864,4715,14216,17646,65611,76362,71088,47850,9312,12148,20.0,586.0,38863,13759,11204,390,38181,15950,54131,10876,5074,21585,6290,10306,124212,8041,23401,924,24249,53111,6066,83426,32366,115792,3780,18895,11832,7063,18895,4114,11832,17147,1953,7063,2571,36042,3093,8828,24259,50922,79.0,3276,3299,50873.0,3299.0,58015,5051,155,1451,23561,710,6406,11204,390,269,7434,121,546,3224,11594,6682,579,179,498.0,594,216043,64588,59615,5078,0.517884028484232,0.5643819012283632,0.8370945733179385,0.3596858836410314,0.3750546089995631,0.3316685424873382,0.3633274795754753,0.487605656159473,0.5149574647097317,0.4850275355667737,0.5010775228728719,0.523352071461574,0.4886409942950285,0.5384117957002826,0.5531776691395166,0.5459736481289502,0.259457712125071,0.0073621021633254,0.0741015092792232,0.1130629191951453,0.0819647124625006,0.011840478823759,0.0089596445760829,0.0068154754364184,0.5242494867099495,0.8678111587982833,0.1321888412017167,0.6941525512337934,0.3058474487662066,0.7509755342211211,0.2490244657788789,0.7110163416113674,0.2889836583886325,0.3952702702702703,0.3097378751424591,0.2192947195322492,0.2433728960754311,0.2658774201504501,0.6047297297297297,0.6902621248575408,0.7807052804677508,0.7566271039245689,0.7341225798495499,0.0388054491884733,93.80806451612904,0.5763325858202518,15.35049259813277,15.35049259813277,14.609854541703204,14.609854541703204,0.3220373018827263,0.6092835089960609,0.686952346657064,0.5388033249294826,0.1926512940070137,0.390578125794478,0.4254500138465799,0.4094252424656642,0.2258536919851889,0.3968728991824431,0.4016283714091338,0.5631386263045736,0.0661452109006132,0.3905960755275823,0.3941273161984459,0.9618957345971564,0.1933125012244578,0.3491094276520813,0.3515051020408163,0.789317076710937,0.5583705529031264,0.5737829264928975,0.177743059728398,0.0485137840751578,0.3785714285714285,0.909853249475891,0.127752964731249,0.373719107896323,0.842741935483871,0.3275876120619397,0.6071650702823734,0.0688060309698451,0.3793307669529168,0.220843520782396,0.3168188947319863,0.5814950140077974,0.3540385456603968,0.5044760377432711,0.5268667586407202,0.4966658312189285,0.1087230163458566,0.1388325830249605,0.0132638382932615,0.1305486916557336,0.2640472951763105,8.399671291948307,25.32682447993356,0.2589578927459982,2014,700.0,3276.0,5078.0,1557.0,1357.0,1357.0,1557.0,,,0.2841476794075583,15.443840075140997
7142400.0,2460,232388,232388,58931,58931,27931,464776,39656,65895,8288,14422,9628,15863,15387,39396,17944,45142,5537,14355,550,1418,1295,3439,13763,40782,1260,3658,3405,10986,72987,150433,19300,55137,42161,246035,246035,10932,21165,1810,5076,5309,32603,16670,34090,4700,14425,16659,64099,75844,70130,48840,9060,11990,14.0,540.0,40228,13749,11398,399,37922,16280,54202,11012,5268,21304,6418,10200,124684,8226,23371,912,25912,53095,6021,85028,32509,117537,3757,19031,12127,6904,19031,4162,12127,16281,1985,6904,2037,35312,2964,8362,23503,49729,84.0,3306,3038,49636.0,3038.0,56193,4715,137,1201,22790,737,6152,11398,399,273,7620,126,588,3190,11797,6723,553,157,424.0,400,213432,63107,58292,4804,0.5195719785715265,0.5660675901600191,0.8435233160621761,0.3500371801149863,0.3565799842395587,0.3258232235701906,0.3532428521713647,0.4851794486582066,0.5165131112686038,0.4889997066588442,0.4958748844675779,0.520064021950383,0.4889209522827991,0.5318971167159294,0.5508178954854879,0.5434390372602087,0.2682152064990027,0.0072365199412372,0.0757679498514288,0.1156385158206237,0.0809726875824956,0.0130255637765274,0.0087774294670846,0.0066941297631307,0.5389386044404169,0.8684552141929901,0.1315447858070099,0.6943608924227761,0.3056391075772238,0.7590368504306052,0.2409631495693948,0.714323170952226,0.285676829047774,0.3938088829071332,0.3024735577936033,0.2226711560044893,0.234365179132621,0.2603086846348768,0.6061911170928668,0.6975264422063967,0.7773288439955106,0.765634820867379,0.7396913153651232,0.0379372324097261,93.70483870967742,0.5698906501652963,15.367402791882542,15.367402791882542,14.6182332994819,14.6182332994819,0.3205477452935739,0.601805903331057,0.6804976404976405,0.5372200927980634,0.1916427494284185,0.3905726469692354,0.4249848091476551,0.417105348670956,0.2195942987790047,0.3975012183775641,0.4027472280827759,0.5684351315202854,0.0698302281461302,0.3857192615813305,0.3891348654157003,0.9514177352356872,0.1983849783528725,0.3374773184247952,0.3397516601249105,0.8001162537237521,0.5495979573949163,0.5746775759256691,0.1760376447876447,0.0540375747875462,0.38787023977433,0.8854545454545455,0.1394001752981974,0.3444505194095134,0.8547619047619047,0.3269710398845717,0.6069469835466179,0.0708852932082861,0.3765629543471939,0.2264454292486859,0.3099399235390497,0.5887629517925768,0.3417768718305657,0.5085020073420294,0.5313417871253735,0.5008202476496217,0.104916497580771,0.1352458043535025,0.0132228142885336,0.13251366675473,0.2605279736622838,8.26334514368523,25.29208879699657,0.2535888255847978,2015,711.0,3306.0,4804.0,1838.0,1335.0,1335.0,1838.0,,,0.2733521428223963,15.148998326540191
7138200.0,2460,236804,236804,60788,60788,26809,473608,40542,67196,7740,13676,9990,16420,15636,39314,16934,42298,5740,15215,563,1451,1315,3600,15213,44027,1355,3791,3731,11803,73112,148808,20953,59242,43489,252572,252572,10276,19893,1918,5242,5056,31362,16950,34320,5046,15403,17253,66291,74552,71672,52665,10194,10714,25.0,532.0,43470,15188,11814,379,37276,17555,54831,12088,5467,21871,6249,9156,127217,8233,22112,790,28408,52662,6118,87188,31135,118323,3886,19301,12526,6775,19301,4281,12526,16084,2086,6775,2076,35385,2827,8465,23872,49854,75.0,2954,2826,49760.0,2826.0,57463,4987,150,1434,23043,846,6397,11814,379,257,8041,122,569,3204,12193,6965,580,174,457.0,675,221210,65262,60155,4777,0.5098479045847467,0.5501586598774998,0.8378275187324011,0.3536848857229668,0.3658908813429988,0.3275985197688762,0.3564639754726622,0.491317671092952,0.5165636153420802,0.4938811188811189,0.5024825763037731,0.5232942112592003,0.493111839591336,0.5390524830723974,0.5532084143538978,0.547461789940092,0.2847488584474886,0.0063974882684581,0.0793908929627439,0.1196648610036311,0.0814976853029455,0.0134521726795593,0.008018402891883,0.0058373270947373,0.5454571145965804,0.8856398378691372,0.1143601621308627,0.7042822371412523,0.2957177628587477,0.7753063508092028,0.2246936491907972,0.7276399048602074,0.2723600951397926,0.3778357531760435,0.3005004063128181,0.2041691721787933,0.217408817928812,0.2460087860280724,0.6221642468239564,0.699499593687182,0.7958308278212066,0.7825911820711879,0.7539912139719276,0.0390725546975547,95.54166596620996,0.5712293939145411,15.071958243948584,15.071958243948584,14.379144777959832,14.379144777959832,0.3229800528719058,0.6033394844931246,0.68535204124757,0.5394652459178136,0.1889641913001682,0.3977209136694307,0.4330102464691221,0.3996546431312356,0.2033068973804374,0.400349898340347,0.4058089098708332,0.5406873745128145,0.0731314587839461,0.3772592836017088,0.3803087524017756,0.952439024390244,0.2116173996635424,0.3455379653394508,0.3475668265935572,0.7945835798330375,0.5441018500099463,0.5659549575899385,0.1758397932816537,0.0577282673562761,0.3880082701585113,0.905861456483126,0.1508255420728068,0.3574254814033236,0.862730627306273,0.3302294712708404,0.6084043848964678,0.0724011021056653,0.3652777777777777,0.2373750578203246,0.3161060747267644,0.6077289113193943,0.3493903841729929,0.5099323097714603,0.5326122722865745,0.5027015683839844,0.1053297589968342,0.1380944961165979,0.0141145850712402,0.124170533550829,0.2624637727063966,8.041368071609051,25.237296175010968,0.2567017449029577,2016,836.0,2954.0,4777.0,1760.0,1186.0,1186.0,1760.0,,,0.276198029319875,14.893697261748407
7132800.0,2460,237691,237691,60063,60063,26492,475382,41028,67091,7821,13412,9889,16119,15723,38266,15562,38336,6068,15667,585,1463,1406,3729,17680,50755,1468,4093,4265,13286,72313,143693,23748,66422,43883,259753,259753,10233,19294,2053,5556,4921,31546,16563,32803,5671,17015,16671,66810,71624,73002,59544,11700,11056,15.0,600.0,50140,17665,11228,441,35812,19848,55660,14047,5801,21929,6260,7623,131168,8938,20953,693,31984,49537,5672,87193,30584,117777,3839,18948,12371,6577,18948,4161,12371,15374,2065,6577,1894,34322,2722,8091,24332,48950,59.0,3104,2617,48888.0,2617.0,56849,5328,168,1370,23159,1214,5674,11228,441,319,7802,122,486,2940,11669,6706,514,136,328.0,561,228207,65861,59473,4389,0.4952359879966257,0.5362281949539567,0.8357756442647802,0.3575321429646804,0.3695104391648668,0.3332941522186306,0.3605633374859469,0.5032465047009945,0.530372136415466,0.504923330183215,0.5136948813744854,0.5357142857142857,0.5032217270865952,0.5510725882743985,0.5645074466176206,0.5577684231710999,0.3161221235989815,0.0066393664749631,0.0781388098237214,0.1162898153254534,0.0768306068049966,0.0126773789649415,0.0077870683602476,0.0062850950645256,0.5520657304352893,0.8911233307148468,0.1088766692851531,0.7027521634274365,0.2972478365725635,0.7815844777870095,0.2184155222129905,0.7317075359925322,0.2682924640074677,0.3838540055675843,0.2906005925127929,0.2036423841059602,0.2121934929873103,0.2390547526110349,0.6161459944324157,0.7093994074872071,0.7963576158940397,0.7878065070126896,0.7609452473889651,0.0384111261193656,95.9721399730821,0.5746850629874025,15.004354392888246,15.004354392888246,14.330668809504775,14.330668809504775,0.3193060942817028,0.6115276266563324,0.6920002023984213,0.5344886419030905,0.1821193156128786,0.4108869492499869,0.4450829417426258,0.3981428480569866,0.1824524665064369,0.4059369782971619,0.4111492734478203,0.4898470633594654,0.0745639292768245,0.3873109082785472,0.3903505950466387,0.9559986816084376,0.2415581943221569,0.3483400650182248,0.3505432627488302,0.7945135746606334,0.5397183098591549,0.5831345064121682,0.1754251374504539,0.0588732394366197,0.3998632946001367,0.9025641025641026,0.1647082494969819,0.3586611287564133,0.8583106267029973,0.3235577502107672,0.613499596749178,0.0748524629651933,0.3770447841244301,0.2666907543458188,0.3210146018365196,0.6354282178806844,0.3523135221380135,0.5133181582621,0.5310305568865463,0.5048331076960607,0.1064321305204134,0.143378073846611,0.0179791601820149,0.1214461430666825,0.2572058840513873,7.757164232078113,25.385525662064712,0.2526936232335259,2017,716.0,3104.0,4389.0,1955.0,1348.0,1348.0,1955.0,,,0.27056135925564573,14.36869187549735
7126200.0,2460,239376,239376,60329,60329,25810,478752,42093,66625,7656,12815,10074,15932,16128,40457,13407,33283,6165,15680,548,1431,1366,3585,19642,55661,1603,4419,4663,14355,71628,140365,25807,71341,40903,261580,261580,9843,18316,2151,5850,4528,30667,16308,31860,6029,17940,16096,66799,71464,71792,64293,13128,11156,9.0,602.0,55050,19633,11311,534,35732,21431,57163,15531,5900,22806,6569,6357,135757,9075,19814,684,34662,48057,5521,88240,29573,117813,3789,18978,12230,6748,18978,4288,12230,16076,2076,6748,2283,35054,2708,8398,22854,48836,51.0,2816,2516,48781.0,2516.0,53325,5300,264,1288,21659,1175,5587,11311,534,404,6960,130,559,3792,11845,6918,554,150,293.0,438,230913,65969,59786,4611,0.4988551962919528,0.5409841029523088,0.8304336032859302,0.3617414950729594,0.3676923076923077,0.3360646599777034,0.3646927437481446,0.5102981512485306,0.5373989954138458,0.511864406779661,0.521187401396276,0.5408218157742283,0.509066265060241,0.5553454722185511,0.5696254374860377,0.5601967257293,0.3369814743087111,0.0074851768267896,0.0805827663591351,0.1044652908067542,0.0937291445238154,0.0167953609951026,0.0082908163265306,0.0072582238910547,0.5413932789410624,0.8897663174858985,0.1102336825141015,0.7080638269658617,0.2919361730341382,0.7925097743329447,0.2074902256670553,0.741156547917712,0.258843452082288,0.3664187995563042,0.2974017875701517,0.1920924261874197,0.2021883366313584,0.2269284113944308,0.6335812004436958,0.7025982124298482,0.8079075738125803,0.7978116633686416,0.7730715886055692,0.0378922735364121,96.74200555695884,0.5840439003799072,14.884950872267895,14.884950872267895,14.280859401109552,14.280859401109552,0.31470529885785,0.6317898686679174,0.70548898013911,0.541800299337182,0.1910999215893739,0.398645475443063,0.4398745397518069,0.4073040674603174,0.1572133052440648,0.4028182555659045,0.4096993032636597,0.4741552920116357,0.07406497690193,0.3931760204081632,0.3964630225080386,0.957015409570154,0.2629164974067811,0.3528862219507375,0.3554662757659663,0.790703594338662,0.5302904907721593,0.5974248927038627,0.1809038662486938,0.0592154266324588,0.3829489867225716,0.9032846715328468,0.1828602168335678,0.3627517537904503,0.8721147847785402,0.3199196787148594,0.6323123273914135,0.0719879518072289,0.3810320781032078,0.2882530120481927,0.3248345524207593,0.6516867731665612,0.3566394187102634,0.5105651466956154,0.5501661567081298,0.5045182927820802,0.0997104462098151,0.1381983614507031,0.0162216778086893,0.117237556388103,0.2553673828274332,7.577319844690628,25.60061957694949,0.2520261011964441,2018,834.0,2816.0,4611.0,1163.0,1507.0,1507.0,1162.0,,,0.2518823273785344,14.566382713484312
7131960.0,2460,246529,246529,66695,66695,27220,493058,45489,72181,8191,13851,11514,18446,16755,41605,10863,26929,6867,17971,718,1848,1673,4617,21088,60771,1692,4829,5347,16327,73107,140715,27955,78742,43494,273573,273573,10285,19092,2410,6677,4845,32645,17830,34555,7020,20944,18138,74858,74954,71260,69018,14847,12096,17.0,525.0,60229,21071,11559,626,37477,23006,60483,16477,6529,25256,7118,5103,143972,10140,20475,756,38896,46329,5747,90972,31371,122343,4446,18779,12373,6406,18779,4058,12373,15840,1958,6406,2215,34619,2813,8799,23922,51425,59.0,2998,3136,51396.0,3136.0,56758,5548,291,1415,22721,1228,6267,11559,626,442,7264,184,457,3838,12185,6980,581,156,316.0,461,240928,73920,66097,5188,0.5126321692861149,0.5588660731594566,0.8229654802360937,0.3550201925274948,0.3609405421596525,0.3351795263559969,0.3571857780277944,0.519539494723377,0.5387073119631259,0.515989003038634,0.5242006406722046,0.5394078155923785,0.5110001982017695,0.5586156975647366,0.5692415239426774,0.5623434245872446,0.3588037747713675,0.0079500139696731,0.0821447606864939,0.1006359014144996,0.0922485278211753,0.0169705521928032,0.0102387179344499,0.0072732059699527,0.5424477887865046,0.883745963401507,0.116254036598493,0.6935063768636609,0.3064936231363391,0.7932131495227995,0.2067868504772004,0.7357130524861878,0.2642869475138121,0.378000378000378,0.3056910569105691,0.1876309606959172,0.1982720134457312,0.2363785707766724,0.621999621999622,0.6943089430894309,0.8123690393040828,0.8017279865542688,0.7636214292233275,0.0428047406779824,99.5523698955126,0.5728354534263439,14.464748569133857,14.464748569133857,13.902092654413885,13.902092654413885,0.3289072574581809,0.6302073952979316,0.7007255418457415,0.5552111499483392,0.1895815581184469,0.4027160197091696,0.4436412741282071,0.4248284094300208,0.1227074096520047,0.4033941104385606,0.4103581142339075,0.4697597348798674,0.0818884792920708,0.3821156307384118,0.3860684769775679,0.9507790883937672,0.2769152954792966,0.3470076187655296,0.3495499676772365,0.7813448406676783,0.5375063060266211,0.5913652443866869,0.1869124649005005,0.0717140750514183,0.3885281385281385,0.8816155988857939,0.1873957080212658,0.3503831020915303,0.8333333333333334,0.3323663489432242,0.6242003686436084,0.0831906881205066,0.3623565085553389,0.2941854808194742,0.327494334537882,0.6877110322295484,0.3498480798286539,0.5153999387473374,0.5313209519006157,0.5088116894461936,0.1007981007223316,0.1439058066477503,0.0153747678096289,0.1193282962865487,0.2736308042094797,6.8082023949117,25.582457900485128,0.2705361235392185,2019,731.0,2997.0,5188.0,,1366.0,1366.0,,,,0.2586292531110878,13.977392952767966
6144840.0,2118,212931,212931,56056,56056,23002,425862,38356,60261,6930,11416,9472,14988,14222,35667,8110,19936,6344,16315,614,1595,1514,4053,19518,55937,1529,4376,4785,14494,60688,115864,25862,72252,37826,236788,236788,8565,15559,2143,5971,4033,27592,14369,27736,6299,18547,15385,63020,61146,60230,63228,14358,10402,12.0,465.0,55460,19506,9753,625,30573,21076,51649,15026,6050,21031,5940,3602,124374,9126,16628,626,35678,37842,4920,78440,26380,104820,3770,16200,10485,5715,16200,3472,10485,14594,1547,5715,2379,30794,2477,7701,20745,44002,40.0,2523,2989,43978.0,2989.0,48943,4752,298,1176,19514,1260,5235,9753,625,445,6081,180,337,3335,10378,6065,485,127,199.0,355,209196,62069,55437,4169,0.50377339836541,0.5509939265053075,0.8149408398422395,0.3579416486740851,0.3589013565566907,0.339623658812746,0.3600930530597462,0.5237865083200994,0.5504852496947105,0.5180631670031728,0.5288279572178869,0.5471202972596377,0.514605794784262,0.5639818247040536,0.5748611748987517,0.5679428002534166,0.384082162070212,0.0086502795770359,0.0841762756335013,0.1009110369890974,0.0935037990299156,0.0169040930979133,0.0110327919092859,0.0079553783720971,0.5260765084107294,0.8871258564731338,0.1128741435268662,0.6947310446117129,0.3052689553882871,0.7963128292116776,0.2036871707883224,0.740576586014465,0.259423413985535,0.3705646831423443,0.3010001887148518,0.1902122130792551,0.1966144344046665,0.2288445890968267,0.6294353168576556,0.6989998112851481,0.8097877869207449,0.8033855655953334,0.7711554109031733,0.0423181833488612,99.79776202472318,0.5844093274233957,14.42918128407794,14.42918128407794,13.893364517144052,13.893364517144052,0.320339577707372,0.6364979007981946,0.707936507936508,0.5483105641881323,0.1896010971953475,0.3987439369725516,0.4398738092292465,0.4176627759808747,0.1059771630270684,0.4068017656500802,0.4137966222766467,0.4441430332922318,0.0867284016245295,0.3888446215139442,0.3931825224666873,0.953656998738966,0.2973537604456824,0.3489282585766129,0.3517263749729691,0.7698534685930936,0.530236878773804,0.6070427470217239,0.1844155844155844,0.0740826753367394,0.3849529780564263,0.9039087947882736,0.2032512772875058,0.3494058500914077,0.8469587965990844,0.3238338050688157,0.6319722444622364,0.0875699500896657,0.3735504564520108,0.3131603396495473,0.3301366082516903,0.704421739777584,0.3517129462675802,0.5196496986200534,0.5373868928874111,0.5117836051614594,0.1018295465138528,0.1493883300414925,0.0169547100211763,0.1165261753129381,0.2661452438468165,6.554217876130638,25.691291590544207,0.2632589900014558,2020,683.0,2523.0,4169.0,,1290.0,1290.0,,,,0.2601745731357248,14.385355620154856
6258000.0,2160,214489,214489,50503,50503,22778,428978,36680,57143,6716,11001,8260,12787,16823,39492,8090,19525,6954,17696,629,1620,1460,3846,20473,57126,1683,4553,4423,13143,61593,116160,27427,74822,36650,242117,242117,8514,15333,2312,6173,4060,28024,13203,24930,5883,16989,13354,57409,61844,61342,67965,14316,10344,12.0,372.0,56742,20461,9996,527,30922,22655,53577,15974,6681,20243,7219,3460,129809,9223,16370,554,36693,37507,4649,78849,26147,104996,3696,16356,10621,5735,16356,3641,10621,13501,1638,5735,1796,29857,2339,6787,20717,41668,47.0,2119,2507,41636.0,2506.0,47135,4700,228,1044,19651,1093,4364,9996,527,367,5735,160,356,3905,10523,6115,500,118,152.0,310,214093,56444,49917,3345,0.5020375692042927,0.5480583470693536,0.8260108652058191,0.3665633102563417,0.3745342621091851,0.34628288892813,0.3682337139019476,0.5302427685950413,0.5552729407161026,0.5296028880866426,0.5379224220083568,0.5571468427415605,0.5254777070063694,0.5712178327539993,0.5859070527595022,0.5759303661018316,0.391775141112775,0.0070433829622303,0.0860537190082644,0.1003622490943772,0.098880785981971,0.0182330345710627,0.0090415913200723,0.0064243951965829,0.547811233546572,0.8935229675187392,0.1064770324812608,0.6961597713309947,0.3038402286690053,0.7991331997560763,0.2008668002439237,0.743539125990801,0.256460874009199,0.3708612534489555,0.3006115798401857,0.1886404293381037,0.1942918625063706,0.2227778826193621,0.6291387465510445,0.6993884201598143,0.8113595706618962,0.8057081374936294,0.7772221173806378,0.0413117832472671,98.71018216682646,0.5811080490354462,14.588160698217624,14.588160698217624,14.05521495274816,14.05521495274816,0.299206207914882,0.6418983952540118,0.7135076252723311,0.5518811341330425,0.2067838853923406,0.425985009622202,0.4727288054626689,0.4291149022172026,0.1022347655800023,0.4143405889884763,0.4220355782774271,0.4276885043263288,0.0926579468222136,0.3929701627486437,0.3965556569343065,0.9607420189818808,0.2991171942905614,0.3583832230508,0.3607005056466816,0.7802471547892346,0.5115316655816982,0.6104899554585946,0.1742108397855866,0.0753278154933506,0.3882716049382716,0.8998410174880763,0.2117083604575467,0.369646386997584,0.8621509209744503,0.3050406736801928,0.645968561820599,0.0917483718600157,0.3796151846073843,0.3135332426823159,0.3365289507722742,0.6909813490276571,0.3605970885763632,0.5227209569518688,0.590005036255768,0.513831962414167,0.1002190765897561,0.1498806354920639,0.0141675257050722,0.1157456931979167,0.2371126356265772,6.646268939393941,25.657080805110795,0.2354572961783588,2021,732.0,2119.0,3345.0,,1127.0,1127.0,,,,0.24680336366778022,13.859168162115644
7125000.0,2460,241772,241772,59556,59556,27009,483544,40966,62607,7805,12682,9625,14746,19510,45814,8856,21766,8283,21629,793,2142,1756,4834,22315,64906,1901,5406,5063,15640,69332,130187,30598,86535,41657,272115,272115,10005,18038,2694,7548,4728,32820,15521,29223,6819,20474,15771,67270,71054,67610,75327,16467,11978,16.0,494.0,64396,22299,10904,690,35527,25109,60636,17175,7934,23176,8619,3732,146381,11713,18765,687,42431,41274,5247,88952,31165,120117,4114,18772,12190,6582,18772,4025,12190,15046,1959,6582,1557,33818,2863,8055,23298,48306,72.0,2706,2975,48265.0,2975.0,53781,5505,233,1459,22365,964,5184,10904,690,454,6024,236,374,4506,11594,6653,509,133,199.0,414,239295,66180,58872,4079,0.5124185080482317,0.5608670255592567,0.8206091901431466,0.3535910325301901,0.3569157392686804,0.3330565595389274,0.3554351994979138,0.5325570141411969,0.5546623794212219,0.5311227457824317,0.5316903683059403,0.5489720941139685,0.5181298669939836,0.5656292145621866,0.577327406780259,0.5688357153782098,0.3992903350836556,0.0079736522794245,0.0837564426555646,0.0962192726052997,0.0983542148688173,0.0171827621060369,0.0109112765268852,0.0069947308415246,0.5550890058548702,0.8842264914054601,0.1157735085945399,0.6874531554489581,0.3125468445510418,0.7836694739952719,0.2163305260047281,0.7330776034961421,0.2669223965038578,0.3796589638464405,0.3120572836464428,0.1992221604889276,0.2114976199194434,0.2313529099324683,0.6203410361535594,0.6879427163535571,0.8007778395110723,0.7885023800805566,0.7686470900675316,0.0400120600278158,97.72678736842106,0.5738312920476109,14.734956901543605,14.734956901543605,14.171359793524475,14.171359793524475,0.2888816086968558,0.6543357771495201,0.7239983740699504,0.5657374408045697,0.2113952436762304,0.4258523595407517,0.4723056066621477,0.4417734495130702,0.1004328125432581,0.4068731048424148,0.4139865370231862,0.4214092140921409,0.0998006662913778,0.3829580655601276,0.3871827233207124,0.9578655076663044,0.2994896687922777,0.3438048870674514,0.3462266492893937,0.769661662558817,0.4956616899867115,0.6154392051726857,0.1852658552210121,0.0837176580942703,0.3702147525676937,0.9117276166456494,0.2112874228093488,0.3516463189049205,0.8495528669121515,0.2967181117572489,0.6527193815271938,0.0972694528844799,0.3632602399669011,0.3147071251785822,0.3237212276214833,0.6881719437805114,0.3462792720044723,0.5227057886915784,0.5432865088892699,0.5122735607415841,0.0994788532209944,0.1520942283759614,0.0107973041126037,0.120610771181302,0.2472116568362641,6.7040272838301815,25.68214248569944,0.2463312542395314,2022,865.0,2706.0,4079.0,,1103.0,1103.0,,,,0.24815662461586732,13.914659825285394
7138200.0,2460,244628,244628,58981,58981,27204,489256,43133,64599,8222,13067,10010,14989,21344,48512,8424,19943,8141,21124,712,1974,1765,4700,22218,63041,1869,5309,4779,14637,72901,133054,30359,84165,45248,282127,282127,10420,18294,2581,7283,5042,33625,16218,29587,6544,19337,16196,68264,74162,71640,75594,15483,12556,21.0,488.0,62532,22197,10796,652,37081,25198,62279,17364,7834,24205,9329,3547,149756,11763,18819,759,40310,40575,5620,86505,31341,117846,4250,17933,11530,6403,17933,3994,11530,16734,1849,6403,2769,34667,2924,8133,26023,49149,25.0,2901,3498,49111.0,3498.0,57881,6363,225,1435,25103,984,5086,10796,652,458,5892,194,348,4556,11448,6680,606,115,149.0,402,248502,67360,58409,4101,0.5086487153811333,0.5565795596115456,0.830000988174841,0.3607081328343136,0.3543869284635452,0.3384185757873507,0.3625607992638359,0.5479053617328303,0.5695856564993987,0.5481461452665022,0.545253868215948,0.5587637330414044,0.5321314692175619,0.5809808770739938,0.589043740784947,0.583442037691806,0.3874661056353266,0.0077466880532287,0.081139988275437,0.0912088422421399,0.093914907651715,0.017449731735446,0.0091838666919144,0.0072651131803112,0.5172931029509331,0.8810158332026964,0.1189841667973036,0.6831498131124356,0.3168501868875644,0.7741055825475774,0.2258944174524225,0.7256407726053451,0.2743592273946549,0.385008917675772,0.309494543151935,0.2052308513477448,0.2209121699050141,0.2411746329272102,0.614991082324228,0.690505456848065,0.7947691486522551,0.7790878300949858,0.7588253670727898,0.0424037435022498,98.69836093132724,0.583508036338225,14.589907941854571,14.589907941854571,14.048203803325864,14.048203803325864,0.2973911121955261,0.6677038344246815,0.734716473333674,0.5611712609834697,0.2233322131121126,0.4399736147757256,0.4855764855764856,0.4370783358320839,0.0918105690570346,0.4224038509752795,0.4299055881602449,0.4210588793922127,0.0972474783513412,0.3853910244271918,0.3889632107023411,0.962289645006756,0.2902186272839853,0.3524373027077616,0.3550165380374862,0.7815284904131785,0.5108886890565743,0.6292186423815719,0.1876672342495743,0.0771787152519842,0.3606889564336373,0.9101123595505618,0.207569300543457,0.352043699378414,0.8368111289459604,0.3063731501921347,0.6678230702515178,0.0960673697980541,0.375531914893617,0.2991783173902379,0.3265013322402131,0.6848572178308527,0.3549702552293226,0.5270147109621051,0.5468366680020604,0.5175386886328914,0.1100675167524357,0.165375443034639,0.0111676562058241,0.1191839136275507,0.2419619533047173,6.496936582139582,25.691914691380028,0.2411048612587275,2023,812.0,2901.0,4101.0,,1219.0,1219.0,,212.0,212.0,0.26646379920725166,14.091552369016485
7125000.0,2460,242779,242779,54423,54423,27414,485558,42701,64274,8000,12922,9014,13569,21550,49275,7909,18798,8635,22161,804,2097,1728,4638,22944,64194,2052,5619,4583,13861,72160,132347,31579,86355,41903,280960,280960,10374,18366,2856,7716,4723,34039,14846,27262,6311,18499,14262,62887,77934,66386,79929,14808,12546,11.0,482.0,63701,22933,11875,773,38967,26643,65610,18300,8343,24764,10516,3687,157863,12240,18770,656,40772,40603,5102,86477,31666,118143,4204,18387,11586,6801,18387,4043,11586,15081,2013,6801,1835,33468,2934,7362,24155,46074,24.0,2734,2870,46049.0,2870.0,53430,5778,204,1479,23321,857,4482,11875,773,529,6318,244,328,5229,12648,7402,669,122,159.0,575,246921,62018,53880,3571,0.5400083148558759,0.5914216765067464,0.8436935938440102,0.3656881477621446,0.3701399688958009,0.3411535758689659,0.3676126372666612,0.5452333638087754,0.5648480888598497,0.544567529895092,0.5465359255973882,0.5619967793880838,0.5312930224426914,0.5794722015079957,0.5893043116017497,0.5805817318394302,0.3948523561741547,0.0089514214579352,0.0897262499338859,0.0982979120639761,0.1061187214611872,0.0174486647515693,0.0110103334687062,0.0082406455431971,0.5493904625313732,0.8860715526224383,0.1139284473775616,0.6838630353864551,0.3161369646135449,0.7691088810080736,0.2308911189919263,0.7240734973528495,0.2759265026471504,0.3779729919162656,0.3100979102732719,0.2068867924528301,0.2268306203699037,0.2429836410025514,0.6220270080837345,0.6899020897267281,0.7931132075471699,0.7731693796300962,0.7570163589974486,0.0420458864240993,98.13382736842104,0.5852308665401644,14.673839170603715,14.673839170603715,14.118464941366428,14.118464941366428,0.2938884875309782,0.6643588387217226,0.7367830768168956,0.5799395798693239,0.2253065815584677,0.4373414510400811,0.4892612268991509,0.4879814385150812,0.0859525747363993,0.4207362485370784,0.4282079047103411,0.4661777721583007,0.1013296631946667,0.3896484815667163,0.3939864032486198,0.9661841343370006,0.2935226929794881,0.3574165809888774,0.360386397549674,0.7975941422594143,0.4954374664519592,0.6190992106485064,0.18375,0.0804002760524499,0.3834048640915594,0.9228855721393034,0.2154359328272371,0.3651895355045382,0.8771929824561403,0.2965188697799436,0.664308349915248,0.10135268022989,0.3725743855109961,0.3028998492165818,0.3306399249693384,0.688740843705133,0.3600100469380387,0.5354132376951442,0.5502518169964284,0.5236811262007288,0.1019849880529217,0.1555874307825739,0.0096220168299075,0.1211524772209567,0.2238290148063781,6.387291740651471,25.69457472062995,0.2241668348580396,2024,804.0,2733.0,3571.0,,1000.0,1000.0,,150.0,150.0,0.24430503607648765,13.715651448364268
7123200.0,2460,243787,243789,54963,54965,28541,487576,40364,60698,7772,12746,8649,13068,22250,50305,6620,16031,9081,23425,923,2455,1890,4900,24223,69030,2358,6392,4997,15122,69234,127034,33304,92455,41573,279953,280009,10158,18408,3281,8847,4680,34839,14254,26241,6887,20022,14074,63243,75064,63404,83319,16593,12104,16.0,584.0,68430,24207,11175,819,37532,27773,65305,19025,8748,23595,10920,3017,158383,14140,18343,762,43035,38642,5061,86738,33245,119983,4272,20182,12551,7631,20182,4260,12551,14988,2192,7631,1552,35170,3303,7862,24076,45746,18.0,2919,2605,45713.0,2605.0,53312,5337,218,1074,23048,1057,4392,11175,819,563,5791,256,272,5112,11994,6997,577,127,114.0,304,245114,62463,54475,3589,0.5421035907213219,0.5940299452375677,0.8339238529906318,0.360218484668217,0.3708601785916129,0.3439716312056737,0.3623341424388545,0.5450036997969048,0.5518252933507171,0.5431957623566175,0.5430340472643276,0.5532746285085306,0.5314073881935888,0.5755678935449674,0.5794560725236635,0.5792361277041557,0.4212283986896837,0.0088583635282029,0.0879685753420344,0.0954067679330455,0.1016201172845641,0.016967126193001,0.0109284951974386,0.0081558742575691,0.573841342052886,0.86913961875322,0.13086038124678,0.6781082741072212,0.3218917258927788,0.7526891123742895,0.2473108876257105,0.7154607568325158,0.2845392431674842,0.3823004462072384,0.3116085936089547,0.2195175438596491,0.2419399795596023,0.263683353395171,0.6176995537927615,0.6883914063910453,0.7804824561403508,0.7580600204403977,0.736316646604829,0.04170205288898,98.566576819407,0.5833750208437553,14.609474664358642,14.60935481092256,14.00261457747952,14.002499702611685,0.2765423324175699,0.6649971992487397,0.7351339537763856,0.5845555445446438,0.229191440117728,0.4423019580558592,0.4923328834111477,0.4907865168539326,0.0730378287750183,0.4129499095502464,0.4200774160797005,0.4557401812688821,0.1067251661814487,0.3876627534685165,0.3919461349216626,0.9633300297324084,0.314503232508235,0.3509054034477763,0.3537908773569749,0.7854105602113693,0.4676573105852137,0.6097599246822533,0.1960885229027277,0.0900752155567785,0.3759674134419551,0.9122426868905742,0.2345257750871399,0.3688986232790989,0.8710771840542832,0.2824719538291939,0.6618457300275482,0.1059161749129974,0.3857142857142857,0.3268702851090504,0.3304457082396508,0.6977707311072536,0.3537483559842174,0.5415244438002421,0.5511003951890033,0.5306696038296468,0.1011705193812128,0.1592317523921379,0.0110647696447908,0.1244458891313899,0.2259057770411462,6.267137144386542,25.778920013426745,0.2254550078552178,2025,813.0,2918.0,3589.0,,805.0,805.0,,123.0,123.0,0.2428914433069539,14.362648000206475
4803240.0,1658,165508,166748,42058,43072,20418,332256,27581,41159,5463,8845,6767,10053,15063,34020,4677,11372,6093,15865,633,1599,1383,3691,15922,46251,1610,4526,3728,11564,47321,86551,22015,62116,30775,191462,191462,7189,12865,2243,6125,3814,24921,11200,20433,5111,15255,11453,49186,50362,44280,56565,9480,8472,,,46251,15922,7541,524,25181,18855,44036,12930,5925,15922,7165,2094,106927,10743,12809,565,28345,26010,3555,57910,24117,82027,3228,13958,8516,5442,13958,2804,8516,10206,1454,5442,914,24164,2218,5961,17353,33171,13.0,2420,1996,33091.0,1996.0,39235,3789,169,757,16530,861,3427,7541,524,358,3882,166,240,3419,8065,4698,403,102,,230,166541,48687,41743,2906,0.5321316117579933,0.5844493443193687,0.856461503520327,0.3544175413742031,0.36620408163265306,0.33503769255981647,0.3544175413742031,0.546741227715451,0.5588029537504858,0.5481329222336416,0.5404259183275374,0.5557398630858347,0.5286510872001793,0.5764860113455811,0.5862353329249328,0.5794003594060343,0.4178196909872399,0.008435829737909717,0.08712782059132766,0.09431716028086203,0.10049970605526161,0.021104467112205417,0.01046328395839899,0.007740373181120408,0.5776361529548089,0.8628640776699029,0.13713592233009708,0.6700327159380716,0.32996728406192843,0.7251586164551781,0.27484138354482196,0.697690836510198,0.30230916348980197,0.38811499703615887,0.31830761043108036,0.24337976427368743,0.2743564457442106,0.2763144303274455,0.6118850029638412,0.6816923895689196,0.7566202357263125,0.7256435542557894,0.7236855696725545,0.046134057453194224,99.6095635446074,0.5825170489770614,14.51048891896464,14.402799433876268,13.884175991492857,13.781144001727158,0.27685363934161583,0.6701086032216527,0.7398932317514821,0.5772814618759291,0.2288335676377407,0.4427689594356261,0.4922388157249763,0.47566885746531234,0.07649310203340351,0.4112733028491031,0.4201401365432986,0.4477228992944195,0.10671500736545433,0.38405294673810275,0.3881138926046245,0.9724273756770064,0.3111046836217856,0.3442520161726233,0.346937441439871,0.8120839090566512,0.4657714586624539,0.6176370830977954,0.20593080724876442,0.08420221169036335,0.39587242026266417,0.9320695102685624,0.2383359662980516,0.35572249226690233,0.8813664596273292,0.28169132481506387,0.6731323982890679,0.10342412015243219,0.37469520455161204,0.3240304864380184,0.3223797993773781,0.6946733303288558,0.3442520161726233,0.5419387638169197,0.552899002872384,0.5322849353208257,0.10706528446254474,0.16647866897635258,0.013079913331633953,0.13016159864620655,0.2568969299391002,6.362580443900128,25.55251898197934,0.2541146047320975,2026,538.0,2420.0,2906.0,,527.0,527.0,,,,0.26391196432294994,14.558608581650274
